2026-03-26 11:15:12.925879,47.00022871,8.25810072,24,72
2026-03-26 11:15:17.925879,47.00028078,8.2582629,24,72
2026-03-26 11:15:22.925879,47.00030476,8.258292,24,72
2026-03-26 11:15:27.925879,47.00033415,8.25832642,24,72
2026-03-26 11:15:32.925879,47.00037079,8.25836399,24,72
2026-03-26 11:15:37.925879,47.00045831,8.25844336,24,72
2026-03-26 11:15:42.925879,47.00058681,8.25854609,24,72
2026-03-26 11:15:47.925879,47.00071595,8.2586907,24,72
2026-03-26 11:15:52.925879,47.00084529,8.2588697,24,72
2026-03-26 11:15:57.925879,47.00090381,8.25897754,24,72
2026-03-26 11:16:02.925879,47.00095449,8.25910177,24,72
2026-03-26 11:16:07.925879,47.00100076,8.25924173,24,72
2026-03-26 11:16:12.925879,47.00104812,8.25938686,24,72
2026-03-26 11:16:17.925879,47.0010991,8.2595326,24,72
2026-03-26 11:16:22.925879,47.00115506,8.25968037,24,72
2026-03-26 11:16:27.925879,47.00120636,8.25983026,24,72
2026-03-26 11:16:32.925879,47.00125603,8.25996684,24,72
2026-03-26 11:16:37.925879,47.00130241,8.26008939,24,72
2026-03-26 11:16:42.925879,47.00138355,8.26032244,24,72
2026-03-26 11:16:47.925879,47.00142351,8.26058816,24,72
2026-03-26 11:16:52.925879,47.00142405,8.2607331,24,72
2026-03-26 11:16:57.925879,47.00142023,8.26097269,24,72
2026-03-26 11:17:02.925879,47.00142384,8.26114973,24,72
2026-03-26 11:17:07.925879,47.00145207,8.2613086,24,72
2026-03-26 11:17:12.925879,47.00151529,8.26142099,24,72
2026-03-26 11:17:17.925879,47.00160354,8.26145481,24,72
2026-03-26 11:17:22.925879,47.00170908,8.26138478,24,72
2026-03-26 11:17:27.925879,47.00182225,8.26125648,24,72
2026-03-26 11:17:32.925879,47.00194906,8.26108943,24,72
2026-03-26 11:17:37.925879,47.00201688,8.26099866,24,72
2026-03-26 11:17:42.925879,47.00208522,8.26090606,24,72
2026-03-26 11:17:47.925879,47.00216004,8.26080358,24,72
2026-03-26 11:17:52.925879,47.002242,8.26068525,24,72
2026-03-26 11:17:57.925879,47.0023176,8.26057991,24,72
2026-03-26 11:18:02.925879,47.00239849,8.26047337,24,72
2026-03-26 11:18:07.925879,47.00247331,8.26038455,24,72
2026-03-26 11:18:12.925879,47.00261338,8.26023744,24,72
2026-03-26 11:18:17.925879,47.00277658,8.26017457,24,72
2026-03-26 11:18:22.925879,47.00286722,8.2601828,24,72
2026-03-26 11:18:27.925879,47.00296026,8.26019934,24,72
2026-03-26 11:18:32.925879,47.00305953,8.26021031,24,72
2026-03-26 11:18:37.925879,47.0031606,8.26021852,24,72
2026-03-26 11:18:42.925879,47.00326241,8.26022314,24,72
2026-03-26 11:18:47.925879,47.00337205,8.26023704,24,72
2026-03-26 11:18:52.925879,47.00346561,8.26025428,24,72
2026-03-26 11:18:57.925879,47.00362933,8.2602887,24,72
2026-03-26 11:19:02.925879,47.00378861,8.26037995,24,72
2026-03-26 11:19:07.925879,47.00392204,8.2605306,24,72
2026-03-26 11:19:12.925879,47.00402318,8.26075148,24,72
2026-03-26 11:19:17.925879,47.00406636,8.26086772,24,72
2026-03-26 11:19:22.925879,47.00411831,8.26106373,24,72
2026-03-26 11:19:27.925879,47.00412517,8.26122912,24,72
2026-03-26 11:19:32.925879,47.00406777,8.26139469,24,72
2026-03-26 11:19:37.925879,47.00396902,8.26160121,24,72
2026-03-26 11:19:42.925879,47.00389832,8.2618565,24,72
2026-03-26 11:19:47.925879,47.00386956,8.26199399,24,72
2026-03-26 11:19:52.925879,47.00385054,8.26213016,24,72
2026-03-26 11:19:57.925879,47.0038437,8.26227238,24,72
2026-03-26 11:20:02.925879,47.00384727,8.2624205,24,72
2026-03-26 11:20:07.925879,47.00385549,8.26256705,24,72
2026-03-26 11:20:12.925879,47.00386383,8.26270041,24,72
2026-03-26 11:20:17.925879,47.00388217,8.26292943,24,72
2026-03-26 11:20:22.925879,47.00386757,8.26312325,24,72
2026-03-26 11:20:27.925879,47.00376692,8.26328319,24,72
2026-03-26 11:20:32.925879,47.00368522,8.26335276,24,72
2026-03-26 11:20:37.925879,47.00360404,8.26341239,24,72
2026-03-26 11:20:42.925879,47.00348914,8.26354308,24,72
2026-03-26 11:20:47.925879,47.00346347,8.2637544,24,72
2026-03-26 11:20:52.925879,47.00352692,8.26398889,24,72
2026-03-26 11:20:57.925879,47.00363806,8.26415457,24,72
2026-03-26 11:21:02.925879,47.00373664,8.26430982,24,72
2026-03-26 11:21:07.925879,47.0038287,8.2644703,24,72
2026-03-26 11:21:12.925879,47.00393375,8.26461431,24,72
2026-03-26 11:21:17.925879,47.00404332,8.26477485,24,72
2026-03-26 11:21:22.925879,47.0041594,8.26493425,24,72
2026-03-26 11:21:27.925879,47.0042755,8.26508587,24,72
2026-03-26 11:21:32.925879,47.00439333,8.26524857,24,72
2026-03-26 11:21:37.925879,47.00445499,8.26534936,24,72
2026-03-26 11:21:42.925879,47.00451607,8.26546141,24,72
2026-03-26 11:21:47.925879,47.00457877,8.26557489,24,72
2026-03-26 11:21:52.925879,47.00463986,8.2656786,24,72
2026-03-26 11:21:57.925879,47.00474291,8.26587219,24,72
2026-03-26 11:22:02.925879,47.00480835,8.26610477,24,72
2026-03-26 11:22:07.925879,47.0048061,8.26634168,24,72
2026-03-26 11:22:12.925879,47.00475038,8.26656384,24,72
2026-03-26 11:22:17.925879,47.0047467,8.26675753,24,72
2026-03-26 11:22:22.925879,47.0048343,8.26687939,24,72
2026-03-26 11:22:27.925879,47.00497118,8.26692518,24,72
2026-03-26 11:22:32.925879,47.0051186,8.26698699,24,72
2026-03-26 11:22:37.925879,47.00527957,8.26706864,24,72
2026-03-26 11:22:42.925879,47.00536647,8.26711179,24,72
2026-03-26 11:22:47.925879,47.00553011,8.26719896,24,72
2026-03-26 11:22:52.925879,47.00561432,8.26726009,24,72
2026-03-26 11:22:57.925879,47.00569679,8.26732973,24,72
2026-03-26 11:23:02.925879,47.00576722,8.26741292,24,72
2026-03-26 11:23:07.925879,47.00588203,8.26760905,24,72
2026-03-26 11:23:12.925879,47.0059276,8.26772293,24,72
2026-03-26 11:23:17.925879,47.00596916,8.2678402,24,72
2026-03-26 11:23:22.925879,47.00601186,8.2679777,24,72
2026-03-26 11:23:27.925879,47.00604792,8.26812145,24,72
2026-03-26 11:23:32.925879,47.0060782,8.26828136,24,72
2026-03-26 11:23:37.925879,47.00610874,8.26843455,24,72
2026-03-26 11:23:42.925879,47.00613661,8.2685915,24,72
2026-03-26 11:23:47.925879,47.00616066,8.26874267,24,72
2026-03-26 11:23:52.925879,47.00617991,8.26889628,24,72
2026-03-26 11:23:57.925879,47.00618907,8.2690582,24,72
2026-03-26 11:24:02.925879,47.00619028,8.26922274,24,72
2026-03-26 11:24:07.925879,47.00618693,8.26937948,24,72
2026-03-26 11:24:12.925879,47.00619047,8.26954182,24,72
2026-03-26 11:24:17.925879,47.00619511,8.26971994,24,72
2026-03-26 11:24:22.925879,47.00620396,8.26990472,24,72
2026-03-26 11:24:27.925879,47.006209,8.27008702,24,72
2026-03-26 11:24:32.925879,47.00621344,8.27027072,24,72
2026-03-26 11:24:37.925879,47.00621988,8.27044262,24,72
2026-03-26 11:24:42.925879,47.00622954,8.27061508,24,72
2026-03-26 11:24:47.925879,47.0062411,8.27078363,24,72
2026-03-26 11:24:52.925879,47.00625249,8.27092852,24,72
2026-03-26 11:24:57.925879,47.00626458,8.2710729,24,72
2026-03-26 11:25:02.925879,47.0062691,8.27132582,24,72
2026-03-26 11:25:07.925879,47.00626077,8.27145732,24,72
2026-03-26 11:25:12.925879,47.00624034,8.27158577,24,72
2026-03-26 11:25:17.925879,47.0062235,8.27171542,24,72
2026-03-26 11:25:22.925879,47.00622424,8.27192727,24,72
2026-03-26 11:25:27.925879,47.00631666,8.27206518,24,72
2026-03-26 11:25:32.925879,47.00643851,8.27204033,24,72
2026-03-26 11:25:37.925879,47.00657546,8.27183218,24,72
2026-03-26 11:25:42.925879,47.00662289,8.27171513,24,72
2026-03-26 11:25:47.925879,47.00669785,8.27148819,24,72
2026-03-26 11:25:52.925879,47.00675993,8.27130491,24,72
2026-03-26 11:25:57.925879,47.00681567,8.2711894,24,72
2026-03-26 11:26:02.925879,47.00693372,8.27116738,24,72
2026-03-26 11:26:07.925879,47.00702576,8.27123461,24,72
2026-03-26 11:26:12.925879,47.00712974,8.27123018,24,72
2026-03-26 11:26:17.925879,47.00722062,8.27118108,24,72
2026-03-26 11:26:22.925879,47.00732576,8.27113521,24,72
2026-03-26 11:26:27.925879,47.00742248,8.27106795,24,72
2026-03-26 11:26:32.925879,47.00751979,8.27099985,24,72
2026-03-26 11:26:37.925879,47.00761734,8.27092633,24,72
2026-03-26 11:26:42.925879,47.00769657,8.27085368,24,72
2026-03-26 11:26:47.925879,47.00779786,8.27072621,24,72
2026-03-26 11:26:52.925879,47.00789136,8.27059822,24,72
2026-03-26 11:26:57.925879,47.00798931,8.27050584,24,72
2026-03-26 11:27:02.925879,47.00807862,8.27042745,24,72
2026-03-26 11:27:07.925879,47.00816756,8.2703318,24,72
2026-03-26 11:27:12.925879,47.00825598,8.27024117,24,72
2026-03-26 11:27:17.925879,47.00834381,8.27012914,24,72
2026-03-26 11:27:22.925879,47.00843309,8.27001052,24,72
2026-03-26 11:27:27.925879,47.00853721,8.26987208,24,72
2026-03-26 11:27:32.925879,47.00862969,8.26975738,24,72
2026-03-26 11:27:37.925879,47.008719,8.26965368,24,72
2026-03-26 11:27:42.925879,47.00883615,8.26955784,24,72
2026-03-26 11:27:47.925879,47.00892215,8.26945565,24,72
2026-03-26 11:27:52.925879,47.00901314,8.26937332,24,72
2026-03-26 11:27:57.925879,47.00910682,8.26931183,24,72
2026-03-26 11:28:02.925879,47.00921009,8.26922201,24,72
2026-03-26 11:28:07.925879,47.00930462,8.26914412,24,72
2026-03-26 11:28:12.925879,47.00937381,8.2690495,24,72
2026-03-26 11:28:17.925879,47.00946561,8.26899015,24,72
2026-03-26 11:28:22.925879,47.00956548,8.26890344,24,72
2026-03-26 11:28:27.925879,47.00965769,8.26882532,24,72
2026-03-26 11:28:32.925879,47.00975843,8.26872358,24,72
2026-03-26 11:28:37.925879,47.00983227,8.26862436,24,72
2026-03-26 11:28:42.925879,47.00990258,8.26852368,24,72
2026-03-26 11:28:47.925879,47.00997437,8.26843758,24,72
2026-03-26 11:28:52.925879,47.01005811,8.26832558,24,72
2026-03-26 11:28:57.925879,47.01014289,8.26823217,24,72
2026-03-26 11:29:02.925879,47.01023927,8.26814533,24,72
2026-03-26 11:29:07.925879,47.01032255,8.26808799,24,72
2026-03-26 11:29:12.925879,47.01041954,8.26799849,24,72
2026-03-26 11:29:17.925879,47.01050729,8.2679277,24,72
2026-03-26 11:29:22.925879,47.01059621,8.26786841,24,72
2026-03-26 11:29:27.925879,47.01068952,8.26778478,24,72
2026-03-26 11:29:32.925879,47.01077791,8.26770451,24,72
2026-03-26 11:29:37.925879,47.01085527,8.26763416,24,72
2026-03-26 11:29:42.925879,47.01093102,8.26753711,24,72
2026-03-26 11:29:47.925879,47.01102394,8.26748496,24,72
2026-03-26 11:29:52.925879,47.01111925,8.26741258,24,72
2026-03-26 11:29:57.925879,47.01118802,8.26730654,24,72
2026-03-26 11:30:02.925879,47.0112601,8.2671774,24,72
2026-03-26 11:30:07.925879,47.01130976,8.26703058,24,72
2026-03-26 11:30:12.925879,47.01134696,8.26690396,24,72
2026-03-26 11:30:17.925879,47.0113809,8.26676097,24,72
2026-03-26 11:30:22.925879,47.01142006,8.26659743,24,72
2026-03-26 11:30:27.925879,47.01143025,8.26643613,24,72
2026-03-26 11:30:32.925879,47.01142793,8.26630091,24,72
2026-03-26 11:30:37.925879,47.01142524,8.266145,24,72
2026-03-26 11:30:42.925879,47.01150895,8.26605051,24,72
2026-03-26 11:30:47.925879,47.01161477,8.26604273,24,72
2026-03-26 11:30:52.925879,47.01170169,8.26611698,24,72
2026-03-26 11:30:57.925879,47.01179716,8.26615166,24,72
2026-03-26 11:31:02.925879,47.0118773,8.26604583,24,72
2026-03-26 11:31:07.925879,47.01196491,8.26593034,24,72
2026-03-26 11:31:12.925879,47.01206226,8.26580598,24,72
2026-03-26 11:31:17.925879,47.01216936,8.26574677,24,72
2026-03-26 11:31:22.925879,47.01227796,8.26566858,24,72
2026-03-26 11:31:27.925879,47.01237813,8.26555385,24,72
2026-03-26 11:31:32.925879,47.01247968,8.26543591,24,72
2026-03-26 11:31:37.925879,47.01257774,8.26532423,24,72
2026-03-26 11:31:42.925879,47.01266442,8.2652184,24,72
2026-03-26 11:31:47.925879,47.0127463,8.26511407,25,70
2026-03-26 11:31:52.925879,47.0128192,8.26499635,25,70
2026-03-26 11:31:57.925879,47.01287894,8.26489287,25,70
2026-03-26 11:32:02.925879,47.0129743,8.26481988,25,70
2026-03-26 11:32:07.925879,47.01306078,8.26474246,25,70
2026-03-26 11:32:12.925879,47.01314058,8.26466398,25,70
2026-03-26 11:32:17.925879,47.0132134,8.2645614,25,70
2026-03-26 11:32:22.925879,47.01328749,8.264475,25,70
2026-03-26 11:32:27.925879,47.01335745,8.26438088,25,70
2026-03-26 11:32:32.925879,47.01341917,8.26426014,25,70
2026-03-26 11:32:37.925879,47.01349951,8.2641341,25,70
2026-03-26 11:32:42.925879,47.01354758,8.26399869,25,70
2026-03-26 11:32:47.925879,47.01355701,8.26384182,25,70
2026-03-26 11:32:52.925879,47.01356274,8.26369046,25,70
2026-03-26 11:32:57.925879,47.01356467,8.26355071,25,70
2026-03-26 11:33:02.925879,47.0135786,8.2634039,25,70
2026-03-26 11:33:07.925879,47.01358856,8.26326586,25,70
2026-03-26 11:33:12.925879,47.01361053,8.26313603,25,70
2026-03-26 11:33:17.925879,47.01363036,8.26299403,25,70
2026-03-26 11:33:22.925879,47.01365856,8.26285973,25,70
2026-03-26 11:33:27.925879,47.01369302,8.26272838,25,70
2026-03-26 11:33:32.925879,47.0137374,8.26260158,25,70
2026-03-26 11:33:37.925879,47.01375364,8.26247101,25,70
2026-03-26 11:33:42.925879,47.01378627,8.26232905,25,70
2026-03-26 11:33:47.925879,47.0138053,8.26219359,25,70
2026-03-26 11:33:52.925879,47.01383814,8.26203348,25,70
2026-03-26 11:33:57.925879,47.01388516,8.26188112,25,70
2026-03-26 11:34:02.925879,47.01394672,8.26173403,25,70
2026-03-26 11:34:07.925879,47.0140118,8.26160564,25,70
2026-03-26 11:34:12.925879,47.01410312,8.26143629,25,70
2026-03-26 11:34:17.925879,47.0141877,8.26128262,25,70
2026-03-26 11:34:22.925879,47.01425195,8.26114406,25,70
2026-03-26 11:34:27.925879,47.01430434,8.26098332,25,70
2026-03-26 11:34:32.925879,47.01434632,8.26083522,25,70
2026-03-26 11:34:37.925879,47.01443142,8.26070788,25,70
2026-03-26 11:34:42.925879,47.01454553,8.26063549,25,70
2026-03-26 11:34:47.925879,47.01464142,8.26060906,25,70
2026-03-26 11:34:52.925879,47.01475116,8.26059024,25,70
2026-03-26 11:34:57.925879,47.01486162,8.2605629,25,70
2026-03-26 11:35:02.925879,47.01495784,8.26052689,25,70
2026-03-26 11:35:07.925879,47.01506862,8.26045868,25,70
2026-03-26 11:35:12.925879,47.01517711,8.26035935,25,70
2026-03-26 11:35:17.925879,47.0152548,8.26028754,25,70
2026-03-26 11:35:22.925879,47.01539002,8.26016523,25,70
2026-03-26 11:35:27.925879,47.0155057,8.26008637,25,70
2026-03-26 11:35:32.925879,47.01561819,8.26000883,25,70
2026-03-26 11:35:37.925879,47.01572445,8.25995245,25,70
2026-03-26 11:35:42.925879,47.0158373,8.25989185,25,70
2026-03-26 11:35:47.925879,47.0159425,8.25983192,25,70
2026-03-26 11:35:52.925879,47.01604679,8.2597722,25,70
2026-03-26 11:35:57.925879,47.01610437,8.2596707,25,70
2026-03-26 11:36:02.925879,47.01612327,8.25953289,25,70
2026-03-26 11:36:07.925879,47.01611949,8.25938793,25,70
2026-03-26 11:36:12.925879,47.01611923,8.2592549,25,70
2026-03-26 11:36:17.925879,47.0161208,8.25909685,25,70
2026-03-26 11:36:22.925879,47.01613566,8.25895919,25,70
2026-03-26 11:36:27.925879,47.01612655,8.25882758,25,70
2026-03-26 11:36:32.925879,47.01614875,8.25868246,25,70
2026-03-26 11:36:37.925879,47.01622602,8.25854897,25,70
2026-03-26 11:36:42.925879,47.01632596,8.2584592,25,70
2026-03-26 11:36:47.925879,47.01639109,8.25836029,25,70
2026-03-26 11:36:52.925879,47.01648845,8.25838707,25,70
2026-03-26 11:36:57.925879,47.01658216,8.25841874,25,70
2026-03-26 11:37:02.925879,47.01667637,8.25849524,25,70
2026-03-26 11:37:07.925879,47.01675329,8.25861457,25,70
2026-03-26 11:37:12.925879,47.01681911,8.25870745,25,70
2026-03-26 11:37:17.925879,47.01686066,8.25882711,25,70
2026-03-26 11:37:22.925879,47.01690309,8.25894934,25,70
2026-03-26 11:37:27.925879,47.01698182,8.25906976,25,70
2026-03-26 11:37:32.925879,47.01708048,8.25910077,25,70
2026-03-26 11:37:37.925879,47.01716506,8.25915161,25,70
2026-03-26 11:37:42.925879,47.01724696,8.25922823,25,70
2026-03-26 11:37:47.925879,47.01733886,8.25931206,25,70
2026-03-26 11:37:52.925879,47.01741469,8.25941616,25,70
2026-03-26 11:37:57.925879,47.01745655,8.25953337,25,70
2026-03-26 11:38:02.925879,47.01747706,8.2596859,25,70
2026-03-26 11:38:07.925879,47.01751874,8.25983658,25,70
2026-03-26 11:38:12.925879,47.01759643,8.25998398,25,70
2026-03-26 11:38:17.925879,47.01766255,8.2601366,25,70
2026-03-26 11:38:22.925879,47.01772747,8.26026121,25,70
2026-03-26 11:38:27.925879,47.01779479,8.26039504,25,70
2026-03-26 11:38:32.925879,47.0178519,8.26051319,25,70
2026-03-26 11:38:37.925879,47.01790575,8.26062302,25,70
2026-03-26 11:38:42.925879,47.01797587,8.26073823,25,70
2026-03-26 11:38:47.925879,47.01806491,8.26081208,25,70
2026-03-26 11:38:52.925879,47.01815564,8.26089078,25,70
2026-03-26 11:38:57.925879,47.01824641,8.26099764,25,70
2026-03-26 11:39:02.925879,47.01832804,8.26110554,25,70
2026-03-26 11:39:07.925879,47.01838603,8.26122129,25,70
2026-03-26 11:39:12.925879,47.01839038,8.26136648,25,70
2026-03-26 11:39:17.925879,47.01840725,8.26149804,25,70
2026-03-26 11:39:22.925879,47.01839659,8.26164496,25,70
2026-03-26 11:39:27.925879,47.01844317,8.26177807,25,70
2026-03-26 11:39:32.925879,47.0184776,8.26193558,25,70
2026-03-26 11:39:37.925879,47.01852866,8.26208309,25,70
2026-03-26 11:39:42.925879,47.01859086,8.26222564,25,70
2026-03-26 11:39:47.925879,47.01863346,8.2623463,25,70
2026-03-26 11:39:52.925879,47.01868073,8.26249385,25,70
2026-03-26 11:39:57.925879,47.01864385,8.26266045,25,70
2026-03-26 11:40:02.925879,47.01862135,8.26283116,25,70
2026-03-26 11:40:07.925879,47.01859442,8.26299904,25,70
2026-03-26 11:40:12.925879,47.01860156,8.2631818,25,70
2026-03-26 11:40:17.925879,47.01863355,8.26336295,25,70
2026-03-26 11:40:22.925879,47.01866341,8.26352704,25,70
2026-03-26 11:40:27.925879,47.01867224,8.26368007,25,70
2026-03-26 11:40:32.925879,47.01862392,8.26383223,25,70
2026-03-26 11:40:37.925879,47.01852336,8.26397353,25,70
2026-03-26 11:40:42.925879,47.0184204,8.26413511,25,70
2026-03-26 11:40:47.925879,47.01836067,8.2643592,25,70
2026-03-26 11:40:52.925879,47.01834479,8.2644922,25,70
2026-03-26 11:40:57.925879,47.01833607,8.26463283,25,70
2026-03-26 11:41:02.925879,47.01833134,8.26477832,25,70
2026-03-26 11:41:07.925879,47.01832985,8.26492379,25,70
2026-03-26 11:41:12.925879,47.01832714,8.26505951,25,70
2026-03-26 11:41:17.925879,47.01830679,8.26531304,25,70
2026-03-26 11:41:22.925879,47.01827692,8.26553737,25,70
2026-03-26 11:41:27.925879,47.01824085,8.26575373,25,70
2026-03-26 11:41:32.925879,47.01817781,8.26598133,25,70
2026-03-26 11:41:37.925879,47.01812522,8.26620561,25,70
2026-03-26 11:41:42.925879,47.01813589,8.2664184,25,70
2026-03-26 11:41:47.925879,47.01820403,8.26660109,25,70
2026-03-26 11:41:52.925879,47.01825124,8.26676952,25,70
2026-03-26 11:41:57.925879,47.01825289,8.26694001,25,70
2026-03-26 11:42:02.925879,47.01822733,8.26712138,25,70
2026-03-26 11:42:07.925879,47.0181697,8.26732226,25,70
2026-03-26 11:42:12.925879,47.01812475,8.26749778,25,70
2026-03-26 11:42:17.925879,47.01814741,8.26768609,25,70
2026-03-26 11:42:22.925879,47.01818095,8.26786293,25,70
2026-03-26 11:42:27.925879,47.01815605,8.26805498,25,70
2026-03-26 11:42:32.925879,47.01809299,8.26822452,25,70
2026-03-26 11:42:37.925879,47.0180411,8.26838285,25,70
2026-03-26 11:42:42.925879,47.01799381,8.26853492,25,70
2026-03-26 11:42:47.925879,47.01795441,8.26867412,25,70
2026-03-26 11:42:52.925879,47.01791474,8.26880617,25,70
2026-03-26 11:42:57.925879,47.01787864,8.26893574,25,70
2026-03-26 11:43:02.925879,47.01780509,8.26909975,25,70
2026-03-26 11:43:07.925879,47.01771974,8.26924559,25,70
2026-03-26 11:43:12.925879,47.01764263,8.26939026,25,70
2026-03-26 11:43:17.925879,47.01758001,8.26949039,25,70
2026-03-26 11:43:22.925879,47.01751169,8.26959473,25,70
2026-03-26 11:43:27.925879,47.01743786,8.26971586,25,70
2026-03-26 11:43:32.925879,47.01736362,8.26984241,25,70
2026-03-26 11:43:37.925879,47.01727119,8.26996086,25,70
2026-03-26 11:43:42.925879,47.01718393,8.27008653,25,70
2026-03-26 11:43:47.925879,47.01710212,8.27022159,25,70
2026-03-26 11:43:52.925879,47.01701438,8.27034531,25,70
2026-03-26 11:43:57.925879,47.01691526,8.2704498,25,70
2026-03-26 11:44:02.925879,47.01680111,8.27049213,25,70
2026-03-26 11:44:07.925879,47.01668515,8.27043338,25,70
2026-03-26 11:44:12.925879,47.01662095,8.27025852,25,70
2026-03-26 11:44:17.925879,47.01656054,8.27005877,25,70
2026-03-26 11:44:22.925879,47.01649294,8.26990444,25,70
2026-03-26 11:44:27.925879,47.01639822,8.26977039,25,70
2026-03-26 11:44:32.925879,47.0162875,8.26965283,25,70
2026-03-26 11:44:37.925879,47.01616151,8.26963839,25,70
2026-03-26 11:44:42.925879,47.01603911,8.26978189,25,70
2026-03-26 11:44:47.925879,47.01601225,8.26995595,25,70
2026-03-26 11:44:52.925879,47.01600648,8.27009309,25,70
2026-03-26 11:44:57.925879,47.01601712,8.27026094,25,70
2026-03-26 11:45:02.925879,47.01600343,8.27040509,25,70
2026-03-26 11:45:07.925879,47.01595138,8.27053004,25,70
2026-03-26 11:45:12.925879,47.01588849,8.27066512,25,70
2026-03-26 11:45:17.925879,47.015828,8.27078494,25,70
2026-03-26 11:45:22.925879,47.01580223,8.27092822,25,70
2026-03-26 11:45:27.925879,47.0157653,8.27106548,25,70
2026-03-26 11:45:32.925879,47.01574649,8.27122173,25,70
2026-03-26 11:45:37.925879,47.01569533,8.27133436,25,70
2026-03-26 11:45:42.925879,47.01564299,8.27145516,25,70
2026-03-26 11:45:47.925879,47.01557286,8.27157406,25,70
2026-03-26 11:45:52.925879,47.01550859,8.27168612,25,70
2026-03-26 11:45:57.925879,47.015451,8.27179988,25,70
2026-03-26 11:46:02.925879,47.01536372,8.27193483,25,70
2026-03-26 11:46:07.925879,47.01525958,8.27208149,25,70
2026-03-26 11:46:12.925879,47.01521321,8.27219818,25,70
2026-03-26 11:46:17.925879,47.01519645,8.27233754,25,70
2026-03-26 11:46:22.925879,47.01519601,8.27251013,25,70
2026-03-26 11:46:27.925879,47.01520676,8.27266089,25,70
2026-03-26 11:46:32.925879,47.01518901,8.27280324,25,70
2026-03-26 11:46:37.925879,47.01513525,8.272938,25,70
2026-03-26 11:46:42.925879,47.01507292,8.27305782,25,70
2026-03-26 11:46:47.925879,47.01501559,8.27317804,25,70
2026-03-26 11:46:52.925879,47.01495859,8.27329576,25,70
2026-03-26 11:46:57.925879,47.01490122,8.27340914,25,70
2026-03-26 11:47:02.925879,47.01485505,8.27353102,25,70
2026-03-26 11:47:07.925879,47.0148247,8.27366568,25,70
2026-03-26 11:47:12.925879,47.01482228,8.27381642,25,70
2026-03-26 11:47:17.925879,47.01483893,8.27396127,25,70
2026-03-26 11:47:22.925879,47.0148643,8.2741078,25,70
2026-03-26 11:47:27.925879,47.0148904,8.27425153,25,70
2026-03-26 11:47:32.925879,47.01491123,8.27439025,25,70
2026-03-26 11:47:37.925879,47.01493367,8.27452981,25,70
2026-03-26 11:47:42.925879,47.01496423,8.27467288,25,70
2026-03-26 11:47:47.925879,47.01499667,8.27480752,25,70
2026-03-26 11:47:52.925879,47.01503928,8.27494976,25,70
2026-03-26 11:47:57.925879,47.0150818,8.27511546,25,70
2026-03-26 11:48:02.925879,47.01514453,8.27538293,25,70
2026-03-26 11:48:07.925879,47.01516755,8.27551928,25,70
2026-03-26 11:48:12.925879,47.01518264,8.27566907,26.5,65
2026-03-26 11:48:17.925879,47.01518516,8.27582077,26.5,65
2026-03-26 11:48:22.925879,47.01516991,8.27597793,26.5,65
2026-03-26 11:48:27.925879,47.01516365,8.27614105,26.5,65
2026-03-26 11:48:32.925879,47.01517904,8.27630251,26.5,65
2026-03-26 11:48:37.925879,47.01521981,8.27645968,26.5,65
2026-03-26 11:48:42.925879,47.01527519,8.2766055,26.5,65
2026-03-26 11:48:47.925879,47.0153318,8.27673699,26.5,65
2026-03-26 11:48:52.925879,47.01538227,8.27686327,26.5,65
2026-03-26 11:48:57.925879,47.01542616,8.27698482,26.5,65
2026-03-26 11:49:02.925879,47.01546327,8.27711564,26.5,65
2026-03-26 11:49:07.925879,47.01549273,8.27726436,26.5,65
2026-03-26 11:49:12.925879,47.01551182,8.27742298,26.5,65
2026-03-26 11:49:17.925879,47.0155211,8.27757693,26.5,65
2026-03-26 11:49:22.925879,47.015526,8.27771057,26.5,65
2026-03-26 11:49:27.925879,47.01552181,8.2778442,26.5,65
2026-03-26 11:49:32.925879,47.01550021,8.2779923,26.5,65
2026-03-26 11:49:37.925879,47.01546407,8.27814161,26.5,65
2026-03-26 11:49:42.925879,47.01542673,8.27830063,26.5,65
2026-03-26 11:49:47.925879,47.01539282,8.27847594,26.5,65
2026-03-26 11:49:52.925879,47.01536589,8.27863906,26.5,65
2026-03-26 11:49:57.925879,47.01533883,8.27879167,26.5,65
2026-03-26 11:50:02.925879,47.01531341,8.27893392,26.5,65
2026-03-26 11:50:07.925879,47.0152718,8.27917263,26.5,65
2026-03-26 11:50:12.925879,47.01520472,8.27936316,26.5,65
2026-03-26 11:50:17.925879,47.01507355,8.27947314,26.5,65
2026-03-26 11:50:22.925879,47.01494637,8.27951595,26.5,65
2026-03-26 11:50:27.925879,47.01487275,8.27962276,26.5,65
2026-03-26 11:50:32.925879,47.01489901,8.2797948,26.5,65
2026-03-26 11:50:37.925879,47.01495536,8.2799527,26.5,65
2026-03-26 11:50:42.925879,47.01498144,8.2801136,26.5,65
2026-03-26 11:50:47.925879,47.01499422,8.28033281,26.5,65
2026-03-26 11:50:52.925879,47.01493333,8.28061566,26.5,65
2026-03-26 11:50:57.925879,47.01488161,8.28074759,26.5,65
2026-03-26 11:51:02.925879,47.01482976,8.28087897,26.5,65
2026-03-26 11:51:07.925879,47.01477928,8.28099957,26.5,65
2026-03-26 11:51:12.925879,47.01468193,8.28120989,26.5,65
2026-03-26 11:51:17.925879,47.01460112,8.28142414,26.5,65
2026-03-26 11:51:22.925879,47.01457439,8.28163051,26.5,65
2026-03-26 11:51:27.925879,47.01465026,8.2818701,26.5,65
2026-03-26 11:51:32.925879,47.01471214,8.28198584,26.5,65
2026-03-26 11:51:37.925879,47.01476833,8.28209645,26.5,65
2026-03-26 11:51:42.925879,47.01486288,8.28228083,26.5,65
2026-03-26 11:51:47.925879,47.0149931,8.28241606,26.5,65
2026-03-26 11:51:52.925879,47.01508637,8.28243068,26.5,65
2026-03-26 11:51:57.925879,47.01518368,8.28240625,26.5,65
2026-03-26 11:52:02.925879,47.01527152,8.28234396,26.5,65
2026-03-26 11:52:07.925879,47.01535466,8.28224028,26.5,65
2026-03-26 11:52:12.925879,47.0154212,8.28212785,26.5,65
2026-03-26 11:52:17.925879,47.01548662,8.28202499,26.5,65
2026-03-26 11:52:22.925879,47.01555129,8.28192109,26.5,65
2026-03-26 11:52:27.925879,47.01560913,8.28181378,26.5,65
2026-03-26 11:52:32.925879,47.01565552,8.28169608,26.5,65
2026-03-26 11:52:37.925879,47.01569138,8.28156577,26.5,65
2026-03-26 11:52:42.925879,47.01572284,8.28143069,26.5,65
2026-03-26 11:52:47.925879,47.01575658,8.28129627,26.5,65
2026-03-26 11:52:52.925879,47.0157925,8.28116868,26.5,65
2026-03-26 11:52:57.925879,47.01585536,8.28093946,26.5,65
2026-03-26 11:53:02.925879,47.01592013,8.28072375,26.5,65
2026-03-26 11:53:07.925879,47.01601171,8.28049037,26.5,65
2026-03-26 11:53:12.925879,47.0160645,8.2803784,26.5,65
2026-03-26 11:53:17.925879,47.01614776,8.28025023,26.5,65
2026-03-26 11:53:22.925879,47.01623956,8.28011419,26.5,65
2026-03-26 11:53:27.925879,47.0163337,8.27997246,26.5,65
2026-03-26 11:53:32.925879,47.01642632,8.27982894,26.5,65
2026-03-26 11:53:37.925879,47.01651636,8.27968878,26.5,65
2026-03-26 11:53:42.925879,47.01660181,8.27955543,26.5,65
2026-03-26 11:53:47.925879,47.01667679,8.27943528,26.5,65
2026-03-26 11:53:52.925879,47.01674216,8.27932999,26.5,65
2026-03-26 11:53:57.925879,47.01684575,8.27916102,26.5,65
2026-03-26 11:54:02.925879,47.01692493,8.27905311,26.5,65
2026-03-26 11:54:07.925879,47.01703394,8.2790378,26.5,65
2026-03-26 11:54:12.925879,47.01715178,8.27913994,26.5,65
2026-03-26 11:54:17.925879,47.01723463,8.27924142,26.5,65
2026-03-26 11:54:22.925879,47.01732887,8.27934911,26.5,65
2026-03-26 11:54:27.925879,47.01741193,8.27944543,26.5,65
2026-03-26 11:54:32.925879,47.01748739,8.27953995,26.5,65
2026-03-26 11:54:37.925879,47.01755366,8.27964971,26.5,65
2026-03-26 11:54:42.925879,47.0176092,8.27977697,26.5,65
2026-03-26 11:54:47.925879,47.01766426,8.27991951,26.5,65
2026-03-26 11:54:52.925879,47.01768808,8.28004964,26.5,65
2026-03-26 11:54:57.925879,47.01769578,8.28018454,26.5,65
2026-03-26 11:55:02.925879,47.01768144,8.28032886,26.5,65
2026-03-26 11:55:07.925879,47.01765861,8.28049399,26.5,65
2026-03-26 11:55:12.925879,47.01765732,8.28065158,26.5,65
2026-03-26 11:55:17.925879,47.01771091,8.28078052,26.5,65
2026-03-26 11:55:22.925879,47.01778717,8.28088402,26.5,65
2026-03-26 11:55:27.925879,47.01788121,8.2809987,26.5,65
2026-03-26 11:55:32.925879,47.01801276,8.28114065,26.5,65
2026-03-26 11:55:37.925879,47.01808801,8.28121769,26.5,65
2026-03-26 11:55:42.925879,47.01816958,8.28129852,26.5,65
2026-03-26 11:55:47.925879,47.01824874,8.28137841,26.5,65
2026-03-26 11:55:52.925879,47.01832756,8.28144975,26.5,65
2026-03-26 11:55:57.925879,47.0184686,8.28156032,26.5,65
2026-03-26 11:56:02.925879,47.01856986,8.28164691,26.5,65
2026-03-26 11:56:07.925879,47.01864664,8.28172584,26.5,65
2026-03-26 11:56:12.925879,47.01876346,8.28168448,26.5,65
2026-03-26 11:56:17.925879,47.01885724,8.28161926,26.5,65
2026-03-26 11:56:22.925879,47.01897409,8.28151476,26.5,65
2026-03-26 11:56:27.925879,47.01910335,8.28137358,26.5,65
2026-03-26 11:56:32.925879,47.01922912,8.28125551,26.5,65
2026-03-26 11:56:37.925879,47.01935939,8.28116371,26.5,65
2026-03-26 11:56:42.925879,47.01948254,8.28108189,26.5,65
2026-03-26 11:56:47.925879,47.01960695,8.28092985,26.5,65
2026-03-26 11:56:52.925879,47.01967374,8.2808334,26.5,65
2026-03-26 11:56:57.925879,47.01973925,8.28074066,26.5,65
2026-03-26 11:57:02.925879,47.01987027,8.28059994,26.5,65
2026-03-26 11:57:07.925879,47.02001101,8.28053181,26.5,65
2026-03-26 11:57:12.925879,47.02016872,8.28047769,26.5,65
2026-03-26 11:57:17.925879,47.0203361,8.2804471,26.5,65
2026-03-26 11:57:22.925879,47.02051116,8.28044467,26.5,65
2026-03-26 11:57:27.925879,47.02068859,8.280439,26.5,65
2026-03-26 11:57:32.925879,47.02086449,8.2804223,26.5,65
2026-03-26 11:57:37.925879,47.02102682,8.28033912,26.5,65
2026-03-26 11:57:42.925879,47.02117948,8.28026781,26.5,65
2026-03-26 11:57:47.925879,47.02132777,8.28025251,26.5,65
2026-03-26 11:57:52.925879,47.02148262,8.28029003,26.5,65
2026-03-26 11:57:57.925879,47.02163976,8.28039888,26.5,65
2026-03-26 11:58:02.925879,47.02171571,8.28049229,26.5,65
2026-03-26 11:58:07.925879,47.02179593,8.28059291,26.5,65
2026-03-26 11:58:12.925879,47.02187437,8.28068806,26.5,65
2026-03-26 11:58:17.925879,47.02194554,8.28078675,26.5,65
2026-03-26 11:58:22.925879,47.02200308,8.28088906,26.5,65
2026-03-26 11:58:27.925879,47.02209402,8.28108142,26.5,65
2026-03-26 11:58:32.925879,47.0221502,8.28119972,26.5,65
2026-03-26 11:58:37.925879,47.0222505,8.28124238,26.5,65
2026-03-26 11:58:42.925879,47.02221318,8.28109387,26.5,65
2026-03-26 11:58:47.925879,47.0221335,8.28095145,26.5,65
2026-03-26 11:58:52.925879,47.02206591,8.28082357,26.5,65
2026-03-26 11:58:57.925879,47.02205775,8.28067422,26.5,65
2026-03-26 11:59:02.925879,47.02216481,8.28063493,26.5,65
2026-03-26 11:59:07.925879,47.02227007,8.28063977,26.5,65
2026-03-26 11:59:12.925879,47.02238779,8.28066785,26.5,65
2026-03-26 11:59:17.925879,47.02248938,8.28061342,26.5,65
2026-03-26 11:59:22.925879,47.0225473,8.28048531,26.5,65
2026-03-26 11:59:27.925879,47.02261526,8.28034509,26.5,65
2026-03-26 11:59:32.925879,47.02271019,8.2803096,26.5,65
2026-03-26 11:59:37.925879,47.02281495,8.28027001,26.5,65
2026-03-26 11:59:42.925879,47.02291872,8.28020453,26.5,65
2026-03-26 11:59:47.925879,47.02300769,8.28013536,26.5,65
2026-03-26 11:59:52.925879,47.0231156,8.28006376,26.5,65
2026-03-26 11:59:57.925879,47.02320432,8.28001666,26.5,65
2026-03-26 12:00:02.925879,47.02329238,8.27998656,26.5,65
2026-03-26 12:00:07.925879,47.02338458,8.27995867,26.5,65
2026-03-26 12:00:12.925879,47.02344874,8.27984092,26.5,65
2026-03-26 12:00:17.925879,47.02347076,8.27969201,26.5,65
2026-03-26 12:00:22.925879,47.02355069,8.27957808,26.5,65
2026-03-26 12:00:27.925879,47.02363086,8.27948694,26.5,65
2026-03-26 12:00:32.925879,47.02374019,8.27948763,26.5,65
2026-03-26 12:00:37.925879,47.02385838,8.27957117,26.5,65
2026-03-26 12:00:42.925879,47.02397357,8.27963313,26.5,65
2026-03-26 12:00:47.925879,47.02410288,8.27971943,26.5,65
2026-03-26 12:00:52.925879,47.0242506,8.27979908,26.5,65
2026-03-26 12:00:57.925879,47.02434731,8.27986988,26.5,65
2026-03-26 12:01:02.925879,47.0244909,8.27990523,26.5,65
2026-03-26 12:01:07.925879,47.02461576,8.27989024,26.5,65
2026-03-26 12:01:12.925879,47.02474718,8.27984556,26.5,65
2026-03-26 12:01:17.925879,47.02485586,8.27980957,26.5,65
2026-03-26 12:01:22.925879,47.02496602,8.27975055,26.5,65
2026-03-26 12:01:27.925879,47.02507251,8.27968097,26.5,65
2026-03-26 12:01:32.925879,47.02517661,8.27961348,26.5,65
2026-03-26 12:01:37.925879,47.02528006,8.27955338,26.5,65
2026-03-26 12:01:42.925879,47.02537558,8.27951235,26.5,65
2026-03-26 12:01:47.925879,47.02549463,8.27948434,26.5,65
2026-03-26 12:01:52.925879,47.02557149,8.27948096,26.5,65
2026-03-26 12:01:57.925879,47.02573057,8.27946017,26.5,65
2026-03-26 12:02:02.925879,47.02575204,8.27945907,26.5,65
2026-03-26 12:02:07.925879,47.02577198,8.27945662,26.5,65
2026-03-26 12:02:12.925879,47.02579076,8.27945573,26.5,65
2026-03-26 12:02:17.925879,47.02590796,8.27949088,26.5,65
2026-03-26 12:02:22.925879,47.02600467,8.27953878,26.5,65
2026-03-26 12:02:27.925879,47.02609187,8.27960002,26.5,65
2026-03-26 12:02:32.925879,47.02621328,8.27967693,26.5,65
2026-03-26 12:02:37.925879,47.02631033,8.27975993,26.5,65
2026-03-26 12:02:42.925879,47.02643125,8.2798958,26.5,65
2026-03-26 12:02:47.925879,47.02655621,8.28002153,26.5,65
2026-03-26 12:02:52.925879,47.02665447,8.28014027,26.5,65
2026-03-26 12:02:57.925879,47.02674063,8.28028642,26.5,65
2026-03-26 12:03:02.925879,47.02682412,8.28042959,26.5,65
2026-03-26 12:03:07.925879,47.02688637,8.28055479,26.5,65
2026-03-26 12:03:12.925879,47.02698934,8.28065411,26.5,65
2026-03-26 12:03:17.925879,47.0271001,8.28059691,26.5,65
2026-03-26 12:03:22.925879,47.02720154,8.28055063,26.5,65
2026-03-26 12:03:27.925879,47.02729749,8.28050528,26.5,65
2026-03-26 12:03:32.925879,47.0273056,8.28031957,26.5,65
2026-03-26 12:03:37.925879,47.02731044,8.28015414,26.5,65
2026-03-26 12:03:42.925879,47.02730651,8.27996826,26.5,65
2026-03-26 12:03:47.925879,47.02729615,8.27979835,26.5,65
2026-03-26 12:03:52.925879,47.02728034,8.27966814,26.5,65
2026-03-26 12:03:57.925879,47.02726375,8.27952785,26.5,65
2026-03-26 12:04:02.925879,47.02731346,8.27939207,26.5,65
2026-03-26 12:04:07.925879,47.02740772,8.27932021,26.5,65
2026-03-26 12:04:12.925879,47.02752334,8.27924016,26.5,65
2026-03-26 12:04:17.925879,47.02762376,8.2792336,26.5,65
2026-03-26 12:04:22.925879,47.02770175,8.27933124,26.5,65
2026-03-26 12:04:27.925879,47.02779499,8.27937322,26.5,65
2026-03-26 12:04:32.925879,47.02790081,8.27928175,26.5,65
2026-03-26 12:04:37.925879,47.02796745,8.27916576,26.5,65
2026-03-26 12:04:42.925879,47.02803676,8.27900786,26.5,65
2026-03-26 12:04:47.925879,47.02811214,8.27889883,26.5,65
2026-03-26 12:04:52.925879,47.02818445,8.27879048,26.5,65
2026-03-26 12:04:57.925879,47.02827877,8.27868408,26.5,65
2026-03-26 12:05:02.925879,47.0283792,8.27861676,26.5,65
2026-03-26 12:05:07.925879,47.02850674,8.27860154,26.5,65
2026-03-26 12:05:12.925879,47.02863685,8.27858434,26.5,65
2026-03-26 12:05:17.925879,47.02874929,8.27859531,26.5,65
2026-03-26 12:05:22.925879,47.02888687,8.2786036,26.5,65
2026-03-26 12:05:27.925879,47.02897826,8.27860676,26.5,65
2026-03-26 12:05:32.925879,47.02909251,8.27861035,26.5,65
2026-03-26 12:05:37.925879,47.02918203,8.27858881,26.5,65
2026-03-26 12:05:42.925879,47.02926373,8.27867483,26.5,65
2026-03-26 12:05:47.925879,47.02932049,8.27882548,26.5,65
2026-03-26 12:05:52.925879,47.02941038,8.27885673,26.5,65
2026-03-26 12:05:57.925879,47.02949587,8.27898194,26.5,65
2026-03-26 12:06:02.925879,47.02958346,8.27910002,26.5,65
2026-03-26 12:06:07.925879,47.02960803,8.27923289,26.5,65
2026-03-26 12:06:12.925879,47.0295458,8.27934216,26.5,65
2026-03-26 12:06:17.925879,47.02945068,8.279473,26.5,65
2026-03-26 12:06:22.925879,47.02938531,8.27963348,26.5,65
2026-03-26 12:06:27.925879,47.02942383,8.27977383,26.5,65
2026-03-26 12:06:32.925879,47.02952482,8.27989649,26.5,65
2026-03-26 12:06:37.925879,47.02961284,8.28003255,26.5,65
2026-03-26 12:06:42.925879,47.0296916,8.28021621,26.5,65
2026-03-26 12:06:47.925879,47.02976467,8.28044193,26.5,65
2026-03-26 12:06:52.925879,47.02982742,8.28067866,26.5,65
2026-03-26 12:06:57.925879,47.02987844,8.28088375,26.5,65
2026-03-26 12:07:02.925879,47.0299226,8.28103828,26.5,65
2026-03-26 12:07:07.925879,47.0299413,8.28121784,26.5,65
2026-03-26 12:07:12.925879,47.02994199,8.28138503,26.5,65
2026-03-26 12:07:17.925879,47.02999239,8.28159163,26.5,65
2026-03-26 12:07:22.925879,47.03005719,8.28180426,26.5,65
2026-03-26 12:07:27.925879,47.03011098,8.28201523,26.5,65
2026-03-26 12:07:32.925879,47.03015568,8.28223744,26.5,65
2026-03-26 12:07:37.925879,47.03019931,8.28245022,26.5,65
2026-03-26 12:07:42.925879,47.03024363,8.28265882,26.5,65
2026-03-26 12:07:47.925879,47.03027759,8.28285546,26.5,65
2026-03-26 12:07:52.925879,47.03031627,8.28304105,26.5,65
2026-03-26 12:07:57.925879,47.03037592,8.2832366,26.5,65
2026-03-26 12:08:02.925879,47.03046782,8.28342668,26.5,65
2026-03-26 12:08:07.925879,47.0305316,8.28353926,26.5,65
2026-03-26 12:08:12.925879,47.03056654,8.28367191,26.5,65
2026-03-26 12:08:17.925879,47.03049258,8.28374854,26.5,65
2026-03-26 12:08:22.925879,47.0303932,8.28383641,26.5,65
2026-03-26 12:08:27.925879,47.03030392,8.28393493,26.5,65
2026-03-26 12:08:32.925879,47.03021615,8.28404121,26.5,65
2026-03-26 12:08:37.925879,47.03015703,8.28414883,26.5,65
2026-03-26 12:08:42.925879,47.03013556,8.28428684,26.5,65
2026-03-26 12:08:47.925879,47.03010556,8.28443253,26.5,65
2026-03-26 12:08:52.925879,47.03004988,8.28455453,26.5,65
2026-03-26 12:08:57.925879,47.02999715,8.28467523,26.5,65
2026-03-26 12:09:02.925879,47.02994337,8.28478924,26.5,65
2026-03-26 12:09:07.925879,47.0298778,8.28490419,26.5,65
2026-03-26 12:09:12.925879,47.02981751,8.28501793,26.5,65
2026-03-26 12:09:17.925879,47.02976156,8.28513283,26.5,65
2026-03-26 12:09:22.925879,47.02970976,8.28524589,26.5,65
2026-03-26 12:09:27.925879,47.02965485,8.28536183,26.5,65
2026-03-26 12:09:32.925879,47.02959821,8.28548231,26.5,65
2026-03-26 12:09:37.925879,47.02953971,8.28560061,26.5,65
2026-03-26 12:09:42.925879,47.02948114,8.28572317,26.5,65
2026-03-26 12:09:47.925879,47.02942079,8.2858406,26.5,65
2026-03-26 12:09:52.925879,47.02935914,8.28596908,26.5,65
2026-03-26 12:09:57.925879,47.0292916,8.28610364,26.5,65
2026-03-26 12:10:02.925879,47.02922247,8.28623831,26.5,65
2026-03-26 12:10:07.925879,47.02915376,8.28636933,26.5,65
2026-03-26 12:10:12.925879,47.02908061,8.28650625,26.5,65
2026-03-26 12:10:17.925879,47.02900996,8.2866416,26.5,65
2026-03-26 12:10:22.925879,47.02894017,8.286787,26.5,65
2026-03-26 12:10:27.925879,47.02886932,8.28692657,26.5,65
2026-03-26 12:10:32.925879,47.02879733,8.28706913,26.5,65
2026-03-26 12:10:37.925879,47.02872636,8.28721787,26.5,65
2026-03-26 12:10:42.925879,47.028653,8.28736835,26.5,65
2026-03-26 12:10:47.925879,47.02857665,8.28751562,26.5,65
2026-03-26 12:10:52.925879,47.02850606,8.28765798,26.5,65
2026-03-26 12:10:57.925879,47.02842657,8.28778859,26.5,65
2026-03-26 12:11:02.925879,47.02833559,8.2879053,26.5,65
2026-03-26 12:11:07.925879,47.02823405,8.28802816,26.5,65
2026-03-26 12:11:12.925879,47.02812629,8.28813083,26.5,65
2026-03-26 12:11:17.925879,47.02801875,8.28820197,26.5,65
2026-03-26 12:11:22.925879,47.02788532,8.28820989,26.5,65
2026-03-26 12:11:27.925879,47.02776492,8.28821919,26.5,65
2026-03-26 12:11:32.925879,47.02766973,8.28823803,26.5,65
2026-03-26 12:11:37.925879,47.02757733,8.28827126,26.5,65
2026-03-26 12:11:42.925879,47.02749487,8.28834963,26.5,65
2026-03-26 12:11:47.925879,47.02742865,8.28845171,26.5,65
2026-03-26 12:11:52.925879,47.02736477,8.28855429,26.5,65
2026-03-26 12:11:57.925879,47.02729457,8.28864187,26.5,65
2026-03-26 12:12:02.925879,47.02722719,8.28874172,26.5,65
2026-03-26 12:12:07.925879,47.02716819,8.28884613,26.5,65
2026-03-26 12:12:12.925879,47.02712718,8.28897603,26.5,65
2026-03-26 12:12:17.925879,47.02707441,8.28910299,26.5,65
2026-03-26 12:12:22.925879,47.02699761,8.28919599,26.5,65
2026-03-26 12:12:27.925879,47.02696814,8.28933651,26.5,65
2026-03-26 12:12:32.925879,47.0269018,8.28944831,26.5,65
2026-03-26 12:12:37.925879,47.02683681,8.28955686,26.5,65
2026-03-26 12:12:42.925879,47.02675564,8.28964607,26.5,65
2026-03-26 12:12:47.925879,47.02666621,8.2897198,26.5,65
2026-03-26 12:12:52.925879,47.02659925,8.28981634,27,80
2026-03-26 12:12:57.925879,47.026522,8.28990512,27,80
2026-03-26 12:13:02.925879,47.02643097,8.28997068,27,80
2026-03-26 12:13:07.925879,47.02634635,8.29002155,27,80
2026-03-26 12:13:12.925879,47.02627836,8.29010912,27,80
2026-03-26 12:13:17.925879,47.02620937,8.29019897,27,80
2026-03-26 12:13:22.925879,47.02613201,8.2902929,27,80
2026-03-26 12:13:27.925879,47.02605363,8.29038516,27,80
2026-03-26 12:13:32.925879,47.02598512,8.2904816,27,80
2026-03-26 12:13:37.925879,47.0259075,8.29057478,27,80
2026-03-26 12:13:42.925879,47.02582846,8.29066253,27,80
2026-03-26 12:13:47.925879,47.02574146,8.29074146,27,80
2026-03-26 12:13:52.925879,47.02564982,8.29077943,27,80
2026-03-26 12:13:57.925879,47.02556621,8.29083247,27,80
2026-03-26 12:14:02.925879,47.02548659,8.2908982,27,80
2026-03-26 12:14:07.925879,47.02539313,8.29091895,27,80
2026-03-26 12:14:12.925879,47.02530684,8.29098232,27,80
2026-03-26 12:14:17.925879,47.02522282,8.29103626,27,80
2026-03-26 12:14:22.925879,47.02512652,8.29107746,27,80
2026-03-26 12:14:27.925879,47.02503047,8.29109298,27,80
2026-03-26 12:14:32.925879,47.0249291,8.29110093,27,80
2026-03-26 12:14:37.925879,47.02483749,8.29112738,27,80
2026-03-26 12:14:42.925879,47.02475004,8.29116758,27,80
2026-03-26 12:14:47.925879,47.02466025,8.29120486,27,80
2026-03-26 12:14:52.925879,47.02457077,8.29122985,27,80
2026-03-26 12:14:57.925879,47.02448179,8.29128946,27,80
2026-03-26 12:15:02.925879,47.02439631,8.29133887,27,80
2026-03-26 12:15:07.925879,47.02431171,8.29138892,27,80
2026-03-26 12:15:12.925879,47.0242205,8.2914457,27,80
2026-03-26 12:15:17.925879,47.02413526,8.29151045,27,80
2026-03-26 12:15:22.925879,47.02405621,8.29157868,27,80
2026-03-26 12:15:27.925879,47.02397615,8.29164923,27,80
2026-03-26 12:15:32.925879,47.02390278,8.29172878,27,80
2026-03-26 12:15:37.925879,47.02380891,8.29177582,27,80
2026-03-26 12:15:42.925879,47.02372606,8.29184402,27,80
2026-03-26 12:15:47.925879,47.02363158,8.29188956,27,80
2026-03-26 12:15:52.925879,47.02355521,8.29196569,27,80
2026-03-26 12:15:57.925879,47.02347544,8.29205297,27,80
2026-03-26 12:16:02.925879,47.02339336,8.29212967,27,80
2026-03-26 12:16:07.925879,47.02331203,8.29218653,27,80
2026-03-26 12:16:12.925879,47.02323879,8.29228899,27,80
2026-03-26 12:16:17.925879,47.02315848,8.29234905,27,80
2026-03-26 12:16:22.925879,47.02308621,8.29243125,27,80
2026-03-26 12:16:27.925879,47.02304255,8.29255149,27,80
2026-03-26 12:16:32.925879,47.02296049,8.29263879,27,80
2026-03-26 12:16:37.925879,47.02291557,8.29275776,27,80
2026-03-26 12:16:42.925879,47.02285527,8.29285691,27,80
2026-03-26 12:16:47.925879,47.02280483,8.29297735,27,80
2026-03-26 12:16:52.925879,47.02274278,8.29308326,27,80
2026-03-26 12:16:57.925879,47.02267997,8.29320125,27,80
2026-03-26 12:17:02.925879,47.02262013,8.29332157,27,80
2026-03-26 12:17:07.925879,47.02256579,8.29344294,27,80
2026-03-26 12:17:12.925879,47.02248924,8.29355659,27,80
2026-03-26 12:17:17.925879,47.02242991,8.29366658,27,80
2026-03-26 12:17:22.925879,47.02238121,8.29379311,27,80
2026-03-26 12:17:27.925879,47.02233493,8.29392171,27,80
2026-03-26 12:17:32.925879,47.02230374,8.29405593,27,80
2026-03-26 12:17:37.925879,47.02221478,8.2941337,27,80
2026-03-26 12:17:42.925879,47.02212003,8.29415956,27,80
2026-03-26 12:17:47.925879,47.02202384,8.29420007,27,80
2026-03-26 12:17:52.925879,47.02192732,8.29423675,27,80
2026-03-26 12:17:57.925879,47.02183865,8.29428001,27,80
2026-03-26 12:18:02.925879,47.02174795,8.29431715,27,80
2026-03-26 12:18:07.925879,47.02164864,8.29435426,27,80
2026-03-26 12:18:12.925879,47.02155591,8.29438412,27,80
2026-03-26 12:18:17.925879,47.02146984,8.29442402,27,80
2026-03-26 12:18:22.925879,47.0213814,8.29445816,27,80
2026-03-26 12:18:27.925879,47.02128628,8.29449424,27,80
2026-03-26 12:18:32.925879,47.02119785,8.2945376,27,80
2026-03-26 12:18:37.925879,47.0211041,8.29458302,27,80
2026-03-26 12:18:42.925879,47.02101613,8.29462115,27,80
2026-03-26 12:18:47.925879,47.02092782,8.29466743,27,80
2026-03-26 12:18:52.925879,47.02083385,8.29471991,27,80
2026-03-26 12:18:57.925879,47.02074055,8.29477464,27,80
2026-03-26 12:19:02.925879,47.0206533,8.29482648,27,80
2026-03-26 12:19:07.925879,47.02056302,8.29486776,27,80
2026-03-26 12:19:12.925879,47.02047849,8.29493612,27,80
2026-03-26 12:19:17.925879,47.02039771,8.29500775,27,80
2026-03-26 12:19:22.925879,47.02031005,8.29505666,27,80
2026-03-26 12:19:27.925879,47.0202333,8.29514391,27,80
2026-03-26 12:19:32.925879,47.02016355,8.29523318,27,80
2026-03-26 12:19:37.925879,47.02013987,8.29536291,27,80
2026-03-26 12:19:42.925879,47.02011708,8.29550895,27,80
2026-03-26 12:19:47.925879,47.02009038,8.29563479,27,80
2026-03-26 12:19:52.925879,47.0200435,8.29576938,27,80
2026-03-26 12:19:57.925879,47.01998609,8.29588449,27,80
2026-03-26 12:20:02.925879,47.01992972,8.29599376,27,80
2026-03-26 12:20:07.925879,47.01986949,8.29611134,27,80
2026-03-26 12:20:12.925879,47.01980946,8.29621107,27,80
2026-03-26 12:20:17.925879,47.01975597,8.29632404,27,80
2026-03-26 12:20:22.925879,47.01966867,8.29638707,27,80
2026-03-26 12:20:27.925879,47.01957961,8.29646892,27,80
2026-03-26 12:20:32.925879,47.01952057,8.29658363,27,80
2026-03-26 12:20:37.925879,47.01949,8.29672603,27,80
2026-03-26 12:20:42.925879,47.01944373,8.29685837,27,80
2026-03-26 12:20:47.925879,47.01940388,8.29697985,27,80
2026-03-26 12:20:52.925879,47.01936019,8.29710804,27,80
2026-03-26 12:20:57.925879,47.0193195,8.29723166,27,80
2026-03-26 12:21:02.925879,47.01927045,8.29736578,27,80
2026-03-26 12:21:07.925879,47.01923466,8.2975002,27,80
2026-03-26 12:21:12.925879,47.01919012,8.2976318,27,80
2026-03-26 12:21:17.925879,47.01913887,8.2977542,27,80
2026-03-26 12:21:22.925879,47.01905853,8.29783503,27,80
2026-03-26 12:21:27.925879,47.01897945,8.29790244,27,80
2026-03-26 12:21:32.925879,47.01898292,8.29805745,27,80
2026-03-26 12:21:37.925879,47.01901185,8.2981946,27,80
2026-03-26 12:21:42.925879,47.01901338,8.29834139,27,80
2026-03-26 12:21:47.925879,47.01895062,8.29843908,27,80
2026-03-26 12:21:52.925879,47.01887607,8.29853447,27,80
2026-03-26 12:21:57.925879,47.01878773,8.29861002,27,80
2026-03-26 12:22:02.925879,47.01873681,8.29872998,27,80
2026-03-26 12:22:07.925879,47.01865996,8.29881789,27,80
2026-03-26 12:22:12.925879,47.01860607,8.29893049,27,80
2026-03-26 12:22:17.925879,47.01853261,8.29902995,27,80
2026-03-26 12:22:22.925879,47.01847463,8.2991334,27,80
2026-03-26 12:22:27.925879,47.0184448,8.29926875,27,80
2026-03-26 12:22:32.925879,47.01842118,8.29941644,27,80
2026-03-26 12:22:37.925879,47.01839623,8.29954747,27,80
2026-03-26 12:22:42.925879,47.0183957,8.29969565,27,80
2026-03-26 12:22:47.925879,47.01838425,8.29982614,27,80
2026-03-26 12:22:52.925879,47.01837795,8.29995935,27,80
2026-03-26 12:22:57.925879,47.0183799,8.30010609,27,80
2026-03-26 12:23:02.925879,47.01836647,8.30024013,27,80
2026-03-26 12:23:07.925879,47.01833814,8.30036664,27,80
2026-03-26 12:23:12.925879,47.01829449,8.30048671,27,80
2026-03-26 12:23:17.925879,47.01827521,8.30063268,27,80
2026-03-26 12:23:22.925879,47.01826781,8.30076803,27,80
2026-03-26 12:23:27.925879,47.0182789,8.30090062,27,80
2026-03-26 12:23:32.925879,47.01827382,8.30103828,27,80
2026-03-26 12:23:37.925879,47.01826142,8.3011748,27,80
2026-03-26 12:23:42.925879,47.01825403,8.30131746,27,80
2026-03-26 12:23:47.925879,47.01825934,8.3014562,27,80
2026-03-26 12:23:52.925879,47.0182716,8.30159425,27,80
2026-03-26 12:23:57.925879,47.0182575,8.30173277,27,80
2026-03-26 12:24:02.925879,47.01828682,8.30187444,27,80
2026-03-26 12:24:07.925879,47.01831711,8.30200694,27,80
2026-03-26 12:24:12.925879,47.01835409,8.30213292,27,80
2026-03-26 12:24:17.925879,47.01839452,8.30226502,27,80
2026-03-26 12:24:22.925879,47.01842615,8.30241625,27,80
2026-03-26 12:24:27.925879,47.01843107,8.30256077,27,80
2026-03-26 12:24:32.925879,47.01844627,8.30269593,27,80
2026-03-26 12:24:37.925879,47.01842727,8.30283027,27,80
2026-03-26 12:24:42.925879,47.01832363,8.30285486,27,80
2026-03-26 12:24:47.925879,47.01822912,8.30291628,27,80
2026-03-26 12:24:52.925879,47.01817158,8.30301946,27,80
2026-03-26 12:24:57.925879,47.018106,8.30313057,27,80
2026-03-26 12:25:02.925879,47.01808702,8.30326209,27,80
2026-03-26 12:25:07.925879,47.0179895,8.30328707,27,80
2026-03-26 12:25:12.925879,47.01792549,8.30338116,27,80
2026-03-26 12:25:17.925879,47.01790151,8.30352465,27,80
2026-03-26 12:25:22.925879,47.01790963,8.30367374,27,80
2026-03-26 12:25:27.925879,47.01792529,8.30381656,27,80
2026-03-26 12:25:32.925879,47.01791487,8.30395763,27,80
2026-03-26 12:25:37.925879,47.01793278,8.30408809,27,80
2026-03-26 12:25:42.925879,47.01795818,8.30422692,27,80
2026-03-26 12:25:47.925879,47.01797063,8.30436203,27,80
2026-03-26 12:25:52.925879,47.01796008,8.30451327,27,80
2026-03-26 12:25:57.925879,47.01795444,8.30466377,27,80
2026-03-26 12:26:02.925879,47.0179434,8.30479617,27,80
2026-03-26 12:26:07.925879,47.01794515,8.30493559,27,80
2026-03-26 12:26:12.925879,47.01793201,8.30506645,27,80
2026-03-26 12:26:17.925879,47.01791775,8.3052036,27,80
2026-03-26 12:26:22.925879,47.01790702,8.30533602,27,80
2026-03-26 12:26:27.925879,47.01788328,8.3054813,27,80
2026-03-26 12:26:32.925879,47.01786886,8.30561854,27,80
2026-03-26 12:26:37.925879,47.01785964,8.3057524,27,80
2026-03-26 12:26:42.925879,47.01785707,8.30590569,27,80
2026-03-26 12:26:47.925879,47.01782104,8.30603743,27,80
2026-03-26 12:26:52.925879,47.0177285,8.30607476,27,80
2026-03-26 12:26:57.925879,47.01763598,8.3061015,27,80
2026-03-26 12:27:02.925879,47.01753987,8.30613185,27,80
2026-03-26 12:27:07.925879,47.01745961,8.3062059,27,80
2026-03-26 12:27:12.925879,47.01738104,8.30628878,27,80
2026-03-26 12:27:17.925879,47.01733872,8.30641384,27,80
2026-03-26 12:27:22.925879,47.0173638,8.30655478,27,80
2026-03-26 12:27:27.925879,47.01723334,8.30692542,27,80
2026-03-26 12:27:32.925879,47.01731145,8.30700058,27,80
2026-03-26 12:27:37.925879,47.0173612,8.30711711,27,80
2026-03-26 12:27:42.925879,47.01746187,8.30710313,27,80
2026-03-26 12:27:47.925879,47.01756605,8.30708326,27,80
2026-03-26 12:27:52.925879,47.01766451,8.307059,27,80
2026-03-26 12:27:57.925879,47.01756422,8.30703927,27,80
2026-03-26 12:28:02.925879,47.01746578,8.30708037,27,80
2026-03-26 12:28:07.925879,47.01736734,8.3070696,27,80
2026-03-26 12:28:12.925879,47.017358,8.30707206,27,80
2026-03-26 12:28:17.925879,47.01726416,8.30711287,27,80
2026-03-26 12:28:22.925879,47.01717094,8.30713347,27,80
2026-03-26 12:28:27.925879,47.01707696,8.30716247,27,80
2026-03-26 12:28:32.925879,47.01697759,8.3071943,27,80
2026-03-26 12:28:37.925879,47.01688967,8.30724188,27,80
2026-03-26 12:28:42.925879,47.0167999,8.30727563,27,80
2026-03-26 12:28:47.925879,47.01670474,8.30729966,27,80
2026-03-26 12:28:52.925879,47.0166096,8.30733224,27,80
2026-03-26 12:28:57.925879,47.0165071,8.30735493,27,80
2026-03-26 12:29:02.925879,47.01643932,8.3074818,27,80
2026-03-26 12:29:07.925879,47.01640935,8.30761156,27,80
2026-03-26 12:29:12.925879,47.01635809,8.30774057,27,80
2026-03-26 12:29:17.925879,47.01632408,8.30788214,27.5,75
2026-03-26 12:29:22.925879,47.0162925,8.30800893,27.5,75
2026-03-26 12:29:27.925879,47.01625623,8.30813465,27.5,75
2026-03-26 12:29:32.925879,47.01622002,8.30826662,27.5,75
2026-03-26 12:29:37.925879,47.01616154,8.3083783,27.5,75
2026-03-26 12:29:42.925879,47.01614466,8.30851647,27.5,75
2026-03-26 12:29:47.925879,47.01610155,8.30865793,27.5,75
2026-03-26 12:29:52.925879,47.01608339,8.30878934,27.5,75
2026-03-26 12:29:57.925879,47.01604387,8.3089171,27.5,75
2026-03-26 12:30:02.925879,47.01599287,8.30902993,27.5,75
2026-03-26 12:30:07.925879,47.01593426,8.30915246,27.5,75
2026-03-26 12:30:12.925879,47.01583474,8.30919965,27.5,75
2026-03-26 12:30:17.925879,47.01574463,8.3092563,27.5,75
2026-03-26 12:30:22.925879,47.01565819,8.30930252,27.5,75
2026-03-26 12:30:27.925879,47.01557984,8.30937365,27.5,75
2026-03-26 12:30:32.925879,47.01548434,8.30942459,27.5,75
2026-03-26 12:30:37.925879,47.01538733,8.30946986,27.5,75
2026-03-26 12:30:42.925879,47.01529895,8.30951686,27.5,75
2026-03-26 12:30:47.925879,47.01525836,8.30963683,27.5,75
2026-03-26 12:30:52.925879,47.01516054,8.30965085,27.5,75
2026-03-26 12:30:57.925879,47.01507553,8.3097288,27.5,75
2026-03-26 12:31:02.925879,47.01508997,8.30986381,27.5,75
2026-03-26 12:31:07.925879,47.01511695,8.30999571,27.5,75
2026-03-26 12:31:12.925879,47.0151175,8.31013423,27.5,75
2026-03-26 12:31:17.925879,47.01509524,8.31027054,27.5,75
2026-03-26 12:31:22.925879,47.01508143,8.31042566,27.5,75
2026-03-26 12:31:27.925879,47.01507787,8.3105817,27.5,75
2026-03-26 12:31:32.925879,47.01506634,8.31071574,27.5,75
2026-03-26 12:31:37.925879,47.0150769,8.31085112,27.5,75
2026-03-26 12:31:42.925879,47.01508397,8.31099424,27.5,75
2026-03-26 12:31:47.925879,47.01499925,8.31107494,27.5,75
2026-03-26 12:31:52.925879,47.0149041,8.31111527,27.5,75
2026-03-26 12:31:57.925879,47.01481565,8.31114898,27.5,75
2026-03-26 12:32:02.925879,47.01471943,8.31119224,27.5,75
2026-03-26 12:32:07.925879,47.01461735,8.31120193,27.5,75
2026-03-26 12:32:12.925879,47.01451667,8.31120223,27.5,75
2026-03-26 12:32:17.925879,47.01441293,8.3112033,27.5,75
2026-03-26 12:32:22.925879,47.01431517,8.31122186,27.5,75
2026-03-26 12:32:27.925879,47.01424007,8.31132343,27.5,75
2026-03-26 12:32:32.925879,47.01414731,8.31137082,27.5,75
2026-03-26 12:32:37.925879,47.01404798,8.31138203,27.5,75
2026-03-26 12:32:42.925879,47.01396889,8.31145372,27.5,75
2026-03-26 12:32:47.925879,47.01388254,8.31150632,27.5,75
2026-03-26 12:32:52.925879,47.01379205,8.31157113,27.5,75
2026-03-26 12:32:57.925879,47.0137117,8.3116346,27.5,75
2026-03-26 12:33:02.925879,47.01366181,8.31176139,27.5,75
2026-03-26 12:33:07.925879,47.01363287,8.3118901,27.5,75
2026-03-26 12:33:12.925879,47.01363258,8.31203293,27.5,75
2026-03-26 12:33:17.925879,47.01362325,8.31216826,27.5,75
2026-03-26 12:33:22.925879,47.01363346,8.31232314,27.5,75
2026-03-26 12:33:27.925879,47.01361213,8.31246681,27.5,75
2026-03-26 12:33:32.925879,47.01361043,8.3126154,27.5,75
2026-03-26 12:33:37.925879,47.01364479,8.31274245,27.5,75
2026-03-26 12:33:42.925879,47.0136547,8.31287343,27.5,75
2026-03-26 12:33:47.925879,47.01365373,8.31301611,27.5,75
2026-03-26 12:33:52.925879,47.01367424,8.31314979,27.5,75
2026-03-26 12:33:57.925879,47.01366993,8.31328267,27.5,75
2026-03-26 12:34:02.925879,47.01370364,8.31341651,27.5,75
2026-03-26 12:34:07.925879,47.01370746,8.31355765,27.5,75
2026-03-26 12:34:12.925879,47.01369916,8.31369182,27.5,75
2026-03-26 12:34:17.925879,47.01371931,8.31382639,27.5,75
2026-03-26 12:34:22.925879,47.01367132,8.31393863,27.5,75
2026-03-26 12:34:27.925879,47.0136069,8.31403323,27.5,75
2026-03-26 12:34:32.925879,47.01355817,8.31416383,27.5,75
2026-03-26 12:34:37.925879,47.01352153,8.31429194,27.5,75
2026-03-26 12:34:42.925879,47.01347893,8.31442626,27.5,75
2026-03-26 12:34:47.925879,47.01344775,8.3145653,27.5,75
2026-03-26 12:34:52.925879,47.01341116,8.31469912,27.5,75
2026-03-26 12:34:57.925879,47.01335665,8.31482625,27.5,75
2026-03-26 12:35:02.925879,47.01331952,8.31495407,27.5,75
2026-03-26 12:35:07.925879,47.01336999,8.31508802,27.5,75
2026-03-26 12:35:12.925879,47.01341826,8.31521675,27.5,75
2026-03-26 12:35:17.925879,47.01345449,8.31534069,27.5,75
2026-03-26 12:35:22.925879,47.01343621,8.31548587,27.5,75
2026-03-26 12:35:27.925879,47.01338668,8.31559676,27.5,75
2026-03-26 12:35:32.925879,47.01331683,8.31568728,27.5,75
2026-03-26 12:35:37.925879,47.01326252,8.31579636,27.5,75
2026-03-26 12:35:42.925879,47.01319883,8.31589261,27.5,75
2026-03-26 12:35:47.925879,47.01326634,8.31598926,27.5,75
2026-03-26 12:35:52.925879,47.01335669,8.31598283,27.5,75
2026-03-26 12:35:57.925879,47.01343523,8.31589825,27.5,75
2026-03-26 12:36:02.925879,47.0135087,8.31582024,27.5,75
2026-03-26 12:36:07.925879,47.01358263,8.31573854,27.5,75
2026-03-26 12:36:12.925879,47.01365325,8.31563722,27.5,75
2026-03-26 12:36:17.925879,47.01372437,8.31555668,27.5,75
2026-03-26 12:36:22.925879,47.01377137,8.31544124,27.5,75
2026-03-26 12:36:27.925879,47.01379108,8.31530319,27.5,75
2026-03-26 12:36:32.925879,47.01381352,8.3151654,27.5,75
2026-03-26 12:36:37.925879,47.01387936,8.31507284,27.5,75
2026-03-26 12:36:42.925879,47.01395544,8.31514984,27.5,75
2026-03-26 12:36:47.925879,47.01394305,8.31528733,27.5,75
2026-03-26 12:36:52.925879,47.01392937,8.31542826,27.5,75
2026-03-26 12:36:57.925879,47.01393549,8.31556461,27.5,75
2026-03-26 12:37:02.925879,47.01394561,8.31570437,27.5,75
2026-03-26 12:37:07.925879,47.01398954,8.31583108,27.5,75
2026-03-26 12:37:12.925879,47.01402956,8.31596003,27.5,75
2026-03-26 12:37:17.925879,47.01407641,8.31607965,27.5,75
2026-06-05 13:57:46.294522,47.00022871,8.25810072,24,72
2026-06-05 13:57:51.294522,47.00028078,8.2582629,24,72
2026-06-05 13:57:56.294522,47.00030476,8.258292,24,72
2026-06-05 13:58:01.294522,47.00033415,8.25832642,24,72
2026-06-05 13:58:06.294522,47.00037079,8.25836399,24,72
2026-06-05 13:58:11.294522,47.00045831,8.25844336,24,72
2026-06-05 13:58:16.294522,47.00058681,8.25854609,24,72
2026-06-05 13:58:21.294522,47.00071595,8.2586907,24,72
2026-06-05 13:58:26.294522,47.00084529,8.2588697,24,72
2026-06-05 13:58:31.294522,47.00090381,8.25897754,24,72
2026-06-05 13:58:36.294522,47.00095449,8.25910177,24,72
2026-06-05 13:58:41.294522,47.00100076,8.25924173,24,72
2026-06-05 13:58:46.294522,47.00104812,8.25938686,24,72
2026-06-05 13:58:51.294522,47.0010991,8.2595326,24,72
2026-06-05 13:58:56.294522,47.00115506,8.25968037,24,72
2026-06-05 13:59:01.294522,47.00120636,8.25983026,24,72
2026-06-05 13:59:06.294522,47.00125603,8.25996684,24,72
2026-06-05 13:59:11.294522,47.00130241,8.26008939,24,72
2026-06-05 13:59:16.294522,47.00138355,8.26032244,24,72
2026-06-05 13:59:21.294522,47.00142351,8.26058816,24,72
2026-06-05 13:59:26.294522,47.00142405,8.2607331,24,72
2026-06-05 13:59:31.294522,47.00142023,8.26097269,24,72
2026-06-05 13:59:36.294522,47.00142384,8.26114973,24,72
2026-06-05 13:59:41.294522,47.00145207,8.2613086,24,72
2026-06-05 13:59:46.294522,47.00151529,8.26142099,24,72
2026-06-05 13:59:51.294522,47.00160354,8.26145481,24,72
2026-06-05 13:59:56.294522,47.00170908,8.26138478,24,72
2026-06-05 14:00:01.294522,47.00182225,8.26125648,24,72
2026-06-05 14:00:06.294522,47.00194906,8.26108943,24,72
2026-06-05 14:00:11.294522,47.00201688,8.26099866,24,72
2026-06-05 14:00:16.294522,47.00208522,8.26090606,24,72
2026-06-05 14:00:21.294522,47.00216004,8.26080358,24,72
2026-06-05 14:00:26.294522,47.002242,8.26068525,24,72
2026-06-05 14:00:31.294522,47.0023176,8.26057991,24,72
2026-06-05 14:00:36.294522,47.00239849,8.26047337,24,72
2026-06-05 14:00:41.294522,47.00247331,8.26038455,24,72
2026-06-05 14:00:46.294522,47.00261338,8.26023744,24,72
2026-06-05 14:00:51.294522,47.00277658,8.26017457,24,72
2026-06-05 14:00:56.294522,47.00286722,8.2601828,24,72
2026-06-05 14:01:01.294522,47.00296026,8.26019934,24,72
2026-06-05 14:01:06.294522,47.00305953,8.26021031,24,72
2026-06-05 14:01:11.294522,47.0031606,8.26021852,24,72
2026-06-05 14:01:16.294522,47.00326241,8.26022314,24,72
2026-06-05 14:01:21.294522,47.00337205,8.26023704,24,72
2026-06-05 14:01:26.294522,47.00346561,8.26025428,24,72
2026-06-05 14:01:31.294522,47.00362933,8.2602887,24,72
2026-06-05 14:01:36.294522,47.00378861,8.26037995,24,72
2026-06-05 14:01:41.294522,47.00392204,8.2605306,24,72
2026-06-05 14:01:46.294522,47.00402318,8.26075148,24,72
2026-06-05 14:01:51.294522,47.00406636,8.26086772,24,72
2026-06-05 14:01:56.294522,47.00411831,8.26106373,24,72
2026-06-05 14:02:01.294522,47.00412517,8.26122912,24,72
2026-06-05 14:02:06.294522,47.00406777,8.26139469,24,72
2026-06-05 14:02:11.294522,47.00396902,8.26160121,24,72
2026-06-05 14:02:16.294522,47.00389832,8.2618565,24,72
2026-06-05 14:02:21.294522,47.00386956,8.26199399,24,72
2026-06-05 14:02:26.294522,47.00385054,8.26213016,24,72
2026-06-05 14:02:31.294522,47.0038437,8.26227238,24,72
2026-06-05 14:02:36.294522,47.00384727,8.2624205,24,72
2026-06-05 14:02:41.294522,47.00385549,8.26256705,24,72
2026-06-05 14:02:46.294522,47.00386383,8.26270041,24,72
2026-06-05 14:02:51.294522,47.00388217,8.26292943,24,72
2026-06-05 14:02:56.294522,47.00386757,8.26312325,24,72
2026-06-05 14:03:01.294522,47.00376692,8.26328319,24,72
2026-06-05 14:03:06.294522,47.00368522,8.26335276,24,72
2026-06-05 14:03:11.294522,47.00360404,8.26341239,24,72
2026-06-05 14:03:16.294522,47.00348914,8.26354308,24,72
2026-06-05 14:03:21.294522,47.00346347,8.2637544,24,72
2026-06-05 14:03:26.294522,47.00352692,8.26398889,24,72
2026-06-05 14:03:31.294522,47.00363806,8.26415457,24,72
2026-06-05 14:03:36.294522,47.00373664,8.26430982,24,72
2026-06-05 14:03:41.294522,47.0038287,8.2644703,24,72
2026-06-05 14:03:46.294522,47.00393375,8.26461431,24,72
2026-06-05 14:03:51.294522,47.00404332,8.26477485,24,72
2026-06-05 14:03:56.294522,47.0041594,8.26493425,24,72
2026-06-05 14:04:01.294522,47.0042755,8.26508587,24,72
2026-06-05 14:04:06.294522,47.00439333,8.26524857,24,72
2026-06-05 14:04:11.294522,47.00445499,8.26534936,24,72
2026-06-05 14:04:16.294522,47.00451607,8.26546141,24,72
2026-06-05 14:04:21.294522,47.00457877,8.26557489,24,72
2026-06-05 14:04:26.294522,47.00463986,8.2656786,24,72
2026-06-05 14:04:31.294522,47.00474291,8.26587219,24,72
2026-06-05 14:04:36.294522,47.00480835,8.26610477,24,72
2026-06-05 14:04:41.294522,47.0048061,8.26634168,24,72
2026-06-05 14:04:46.294522,47.00475038,8.26656384,24,72
2026-06-05 14:04:51.294522,47.0047467,8.26675753,24,72
2026-06-05 14:04:56.294522,47.0048343,8.26687939,24,72
2026-06-05 14:05:01.294522,47.00497118,8.26692518,24,72
2026-06-05 14:05:06.294522,47.0051186,8.26698699,24,72
2026-06-05 14:05:11.294522,47.00527957,8.26706864,24,72
2026-06-05 14:05:16.294522,47.00536647,8.26711179,24,72
2026-06-05 14:05:21.294522,47.00553011,8.26719896,24,72
2026-06-05 14:05:26.294522,47.00561432,8.26726009,24,72
2026-06-05 14:05:31.294522,47.00569679,8.26732973,24,72
2026-06-05 14:05:36.294522,47.00576722,8.26741292,24,72
2026-06-05 14:05:41.294522,47.00588203,8.26760905,24,72
2026-06-05 14:05:46.294522,47.0059276,8.26772293,24,72
2026-06-05 14:05:51.294522,47.00596916,8.2678402,24,72
2026-06-05 14:05:56.294522,47.00601186,8.2679777,24,72
2026-06-05 14:06:01.294522,47.00604792,8.26812145,24,72
2026-06-05 14:06:06.294522,47.0060782,8.26828136,24,72
2026-06-05 14:06:11.294522,47.00610874,8.26843455,24,72
2026-06-05 14:06:16.294522,47.00613661,8.2685915,24,72
2026-06-05 14:06:21.294522,47.00616066,8.26874267,24,72
2026-06-05 14:06:26.294522,47.00617991,8.26889628,24,72
2026-06-05 14:06:31.294522,47.00618907,8.2690582,24,72
2026-06-05 14:06:36.294522,47.00619028,8.26922274,24,72
2026-06-05 14:06:41.294522,47.00618693,8.26937948,24,72
2026-06-05 14:06:46.294522,47.00619047,8.26954182,24,72
2026-06-05 14:06:51.294522,47.00619511,8.26971994,24,72
2026-06-05 14:06:56.294522,47.00620396,8.26990472,24,72
2026-06-05 14:07:01.294522,47.006209,8.27008702,24,72
2026-06-05 14:07:06.294522,47.00621344,8.27027072,24,72
2026-06-05 14:07:11.294522,47.00621988,8.27044262,24,72
2026-06-05 14:07:16.294522,47.00622954,8.27061508,24,72
2026-06-05 14:07:21.294522,47.0062411,8.27078363,24,72
2026-06-05 14:07:26.294522,47.00625249,8.27092852,24,72
2026-06-05 14:07:31.294522,47.00626458,8.2710729,24,72
2026-06-05 14:07:36.294522,47.0062691,8.27132582,24,72
2026-06-05 14:07:41.294522,47.00626077,8.27145732,24,72
2026-06-05 14:07:46.294522,47.00624034,8.27158577,24,72
2026-06-05 14:07:51.294522,47.0062235,8.27171542,24,72
2026-06-05 14:07:56.294522,47.00622424,8.27192727,24,72
2026-06-05 14:08:01.294522,47.00631666,8.27206518,24,72
2026-06-05 14:08:06.294522,47.00643851,8.27204033,24,72
2026-06-05 14:08:11.294522,47.00657546,8.27183218,24,72
2026-06-05 14:08:16.294522,47.00662289,8.27171513,24,72
2026-06-05 14:08:21.294522,47.00669785,8.27148819,24,72
2026-06-05 14:08:26.294522,47.00675993,8.27130491,24,72
2026-06-05 14:08:31.294522,47.00681567,8.2711894,24,72
2026-06-05 14:08:36.294522,47.00693372,8.27116738,24,72
2026-06-05 14:08:41.294522,47.00702576,8.27123461,24,72
2026-06-05 14:08:46.294522,47.00712974,8.27123018,24,72
2026-06-05 14:08:51.294522,47.00722062,8.27118108,24,72
2026-06-05 14:08:56.294522,47.00732576,8.27113521,24,72
2026-06-05 14:09:01.294522,47.00742248,8.27106795,24,72
2026-06-05 14:09:06.294522,47.00751979,8.27099985,24,72
2026-06-05 14:09:11.294522,47.00761734,8.27092633,24,72
2026-06-05 14:09:16.294522,47.00769657,8.27085368,24,72
2026-06-05 14:09:21.294522,47.00779786,8.27072621,24,72
2026-06-05 14:09:26.294522,47.00789136,8.27059822,24,72
2026-06-05 14:09:31.294522,47.00798931,8.27050584,24,72
2026-06-05 14:09:36.294522,47.00807862,8.27042745,24,72
2026-06-05 14:09:41.294522,47.00816756,8.2703318,24,72
2026-06-05 14:09:46.294522,47.00825598,8.27024117,24,72
2026-06-05 14:09:51.294522,47.00834381,8.27012914,24,72
2026-06-05 14:09:56.294522,47.00843309,8.27001052,24,72
2026-06-05 14:10:01.294522,47.00853721,8.26987208,24,72
2026-06-05 14:10:06.294522,47.00862969,8.26975738,24,72
2026-06-05 14:10:11.294522,47.008719,8.26965368,24,72
2026-06-05 14:10:16.294522,47.00883615,8.26955784,24,72
2026-06-05 14:10:21.294522,47.00892215,8.26945565,24,72
2026-06-05 14:10:26.294522,47.00901314,8.26937332,24,72
2026-06-05 14:10:31.294522,47.00910682,8.26931183,24,72
2026-06-05 14:10:36.294522,47.00921009,8.26922201,24,72
2026-06-05 14:10:41.294522,47.00930462,8.26914412,24,72
2026-06-05 14:10:46.294522,47.00937381,8.2690495,24,72
2026-06-05 14:10:51.294522,47.00946561,8.26899015,24,72
2026-06-05 14:10:56.294522,47.00956548,8.26890344,24,72
2026-06-05 14:11:01.294522,47.00965769,8.26882532,24,72
2026-06-05 14:11:06.294522,47.00975843,8.26872358,24,72
2026-06-05 14:11:11.294522,47.00983227,8.26862436,24,72
2026-06-05 14:11:16.294522,47.00990258,8.26852368,24,72
2026-06-05 14:11:21.294522,47.00997437,8.26843758,24,72
2026-06-05 14:11:26.294522,47.01005811,8.26832558,24,72
2026-06-05 14:11:31.294522,47.01014289,8.26823217,24,72
2026-06-05 14:11:36.294522,47.01023927,8.26814533,24,72
2026-06-05 14:11:41.294522,47.01032255,8.26808799,24,72
2026-06-05 14:11:46.294522,47.01041954,8.26799849,24,72
2026-06-05 14:11:51.294522,47.01050729,8.2679277,24,72
2026-06-05 14:11:56.294522,47.01059621,8.26786841,24,72
2026-06-05 14:12:01.294522,47.01068952,8.26778478,24,72
2026-06-05 14:12:06.294522,47.01077791,8.26770451,24,72
2026-06-05 14:12:11.294522,47.01085527,8.26763416,24,72
2026-06-05 14:12:16.294522,47.01093102,8.26753711,24,72
2026-06-05 14:12:21.294522,47.01102394,8.26748496,24,72
2026-06-05 14:12:26.294522,47.01111925,8.26741258,24,72
2026-06-05 14:12:31.294522,47.01118802,8.26730654,24,72
2026-06-05 14:12:36.294522,47.0112601,8.2671774,24,72
2026-06-05 14:12:41.294522,47.01130976,8.26703058,24,72
2026-06-05 14:12:46.294522,47.01134696,8.26690396,24,72
2026-06-05 14:12:51.294522,47.0113809,8.26676097,24,72
2026-06-05 14:12:56.294522,47.01142006,8.26659743,24,72
2026-06-05 14:13:01.294522,47.01143025,8.26643613,24,72
2026-06-05 14:13:06.294522,47.01142793,8.26630091,24,72
2026-06-05 14:13:11.294522,47.01142524,8.266145,24,72
2026-06-05 14:13:16.294522,47.01150895,8.26605051,24,72
2026-06-05 14:13:21.294522,47.01161477,8.26604273,24,72
2026-06-05 14:13:26.294522,47.01170169,8.26611698,24,72
2026-06-05 14:13:31.294522,47.01179716,8.26615166,24,72
2026-06-05 14:13:36.294522,47.0118773,8.26604583,24,72
2026-06-05 14:13:41.294522,47.01196491,8.26593034,24,72
2026-06-05 14:13:46.294522,47.01206226,8.26580598,24,72
2026-06-05 14:13:51.294522,47.01216936,8.26574677,24,72
2026-06-05 14:13:56.294522,47.01227796,8.26566858,24,72
2026-06-05 14:14:01.294522,47.01237813,8.26555385,24,72
2026-06-05 14:14:06.294522,47.01247968,8.26543591,24,72
2026-06-05 14:14:11.294522,47.01257774,8.26532423,24,72
2026-06-05 14:14:16.294522,47.01266442,8.2652184,24,72
2026-06-05 14:14:21.294522,47.0127463,8.26511407,25,70
2026-06-05 14:14:26.294522,47.0128192,8.26499635,25,70
2026-06-05 14:14:31.294522,47.01287894,8.26489287,25,70
2026-06-05 14:14:36.294522,47.0129743,8.26481988,25,70
2026-06-05 14:14:41.294522,47.01306078,8.26474246,25,70
2026-06-05 14:14:46.294522,47.01314058,8.26466398,25,70
2026-06-05 14:14:51.294522,47.0132134,8.2645614,25,70
2026-06-05 14:14:56.294522,47.01328749,8.264475,25,70
2026-06-05 14:15:01.294522,47.01335745,8.26438088,25,70
2026-06-05 14:15:06.294522,47.01341917,8.26426014,25,70
2026-06-05 14:15:11.294522,47.01349951,8.2641341,25,70
2026-06-05 14:15:16.294522,47.01354758,8.26399869,25,70
2026-06-05 14:15:21.294522,47.01355701,8.26384182,25,70
2026-06-05 14:15:26.294522,47.01356274,8.26369046,25,70
2026-06-05 14:15:31.294522,47.01356467,8.26355071,25,70
2026-06-05 14:15:36.294522,47.0135786,8.2634039,25,70
2026-06-05 14:15:41.294522,47.01358856,8.26326586,25,70
2026-06-05 14:15:46.294522,47.01361053,8.26313603,25,70
2026-06-05 14:15:51.294522,47.01363036,8.26299403,25,70
2026-06-05 14:15:56.294522,47.01365856,8.26285973,25,70
2026-06-05 14:16:01.294522,47.01369302,8.26272838,25,70
2026-06-05 14:16:06.294522,47.0137374,8.26260158,25,70
2026-06-05 14:16:11.294522,47.01375364,8.26247101,25,70
2026-06-05 14:16:16.294522,47.01378627,8.26232905,25,70
2026-06-05 14:16:21.294522,47.0138053,8.26219359,25,70
2026-06-05 14:16:26.294522,47.01383814,8.26203348,25,70
2026-06-05 14:16:31.294522,47.01388516,8.26188112,25,70
2026-06-05 14:16:36.294522,47.01394672,8.26173403,25,70
2026-06-05 14:16:41.294522,47.0140118,8.26160564,25,70
2026-06-05 14:16:46.294522,47.01410312,8.26143629,25,70
2026-06-05 14:16:51.294522,47.0141877,8.26128262,25,70
2026-06-05 14:16:56.294522,47.01425195,8.26114406,25,70
2026-06-05 14:17:01.294522,47.01430434,8.26098332,25,70
2026-06-05 14:17:06.294522,47.01434632,8.26083522,25,70
2026-06-05 14:17:11.294522,47.01443142,8.26070788,25,70
2026-06-05 14:17:16.294522,47.01454553,8.26063549,25,70
2026-06-05 14:17:21.294522,47.01464142,8.26060906,25,70
2026-06-05 14:17:26.294522,47.01475116,8.26059024,25,70
2026-06-05 14:17:31.294522,47.01486162,8.2605629,25,70
2026-06-05 14:17:36.294522,47.01495784,8.26052689,25,70
2026-06-05 14:17:41.294522,47.01506862,8.26045868,25,70
2026-06-05 14:17:46.294522,47.01517711,8.26035935,25,70
2026-06-05 14:17:51.294522,47.0152548,8.26028754,25,70
2026-06-05 14:17:56.294522,47.01539002,8.26016523,25,70
2026-06-05 14:18:01.294522,47.0155057,8.26008637,25,70
2026-06-05 14:18:06.294522,47.01561819,8.26000883,25,70
2026-06-05 14:18:11.294522,47.01572445,8.25995245,25,70
2026-06-05 14:18:16.294522,47.0158373,8.25989185,25,70
2026-06-05 14:18:21.294522,47.0159425,8.25983192,25,70
2026-06-05 14:18:26.294522,47.01604679,8.2597722,25,70
2026-06-05 14:18:31.294522,47.01610437,8.2596707,25,70
2026-06-05 14:18:36.294522,47.01612327,8.25953289,25,70
2026-06-05 14:18:41.294522,47.01611949,8.25938793,25,70
2026-06-05 14:18:46.294522,47.01611923,8.2592549,25,70
2026-06-05 14:18:51.294522,47.0161208,8.25909685,25,70
2026-06-05 14:18:56.294522,47.01613566,8.25895919,25,70
2026-06-05 14:19:01.294522,47.01612655,8.25882758,25,70
2026-06-05 14:19:06.294522,47.01614875,8.25868246,25,70
2026-06-05 14:19:11.294522,47.01622602,8.25854897,25,70
2026-06-05 14:19:16.294522,47.01632596,8.2584592,25,70
2026-06-05 14:19:21.294522,47.01639109,8.25836029,25,70
2026-06-05 14:19:26.294522,47.01648845,8.25838707,25,70
2026-06-05 14:19:31.294522,47.01658216,8.25841874,25,70
2026-06-05 14:19:36.294522,47.01667637,8.25849524,25,70
2026-06-05 14:19:41.294522,47.01675329,8.25861457,25,70
2026-06-05 14:19:46.294522,47.01681911,8.25870745,25,70
2026-06-05 14:19:51.294522,47.01686066,8.25882711,25,70
2026-06-05 14:19:56.294522,47.01690309,8.25894934,25,70
2026-06-05 14:20:01.294522,47.01698182,8.25906976,25,70
2026-06-05 14:20:06.294522,47.01708048,8.25910077,25,70
2026-06-05 14:20:11.294522,47.01716506,8.25915161,25,70
2026-06-05 14:20:16.294522,47.01724696,8.25922823,25,70
2026-06-05 14:20:21.294522,47.01733886,8.25931206,25,70
2026-06-05 14:20:26.294522,47.01741469,8.25941616,25,70
2026-06-05 14:20:31.294522,47.01745655,8.25953337,25,70
2026-06-05 14:20:36.294522,47.01747706,8.2596859,25,70
2026-06-05 14:20:41.294522,47.01751874,8.25983658,25,70
2026-06-05 14:20:46.294522,47.01759643,8.25998398,25,70
2026-06-05 14:20:51.294522,47.01766255,8.2601366,25,70
2026-06-05 14:20:56.294522,47.01772747,8.26026121,25,70
2026-06-05 14:21:01.294522,47.01779479,8.26039504,25,70
2026-06-05 14:21:06.294522,47.0178519,8.26051319,25,70
2026-06-05 14:21:11.294522,47.01790575,8.26062302,25,70
2026-06-05 14:21:16.294522,47.01797587,8.26073823,25,70
2026-06-05 14:21:21.294522,47.01806491,8.26081208,25,70
2026-06-05 14:21:26.294522,47.01815564,8.26089078,25,70
2026-06-05 14:21:31.294522,47.01824641,8.26099764,25,70
2026-06-05 14:21:36.294522,47.01832804,8.26110554,25,70
2026-06-05 14:21:41.294522,47.01838603,8.26122129,25,70
2026-06-05 14:21:46.294522,47.01839038,8.26136648,25,70
2026-06-05 14:21:51.294522,47.01840725,8.26149804,25,70
2026-06-05 14:21:56.294522,47.01839659,8.26164496,25,70
2026-06-05 14:22:01.294522,47.01844317,8.26177807,25,70
2026-06-05 14:22:06.294522,47.0184776,8.26193558,25,70
2026-06-05 14:22:11.294522,47.01852866,8.26208309,25,70
2026-06-05 14:22:16.294522,47.01859086,8.26222564,25,70
2026-06-05 14:22:21.294522,47.01863346,8.2623463,25,70
2026-06-05 14:22:26.294522,47.01868073,8.26249385,25,70
2026-06-05 14:22:31.294522,47.01864385,8.26266045,25,70
2026-06-05 14:22:36.294522,47.01862135,8.26283116,25,70
2026-06-05 14:22:41.294522,47.01859442,8.26299904,25,70
2026-06-05 14:22:46.294522,47.01860156,8.2631818,25,70
2026-06-05 14:22:51.294522,47.01863355,8.26336295,25,70
2026-06-05 14:22:56.294522,47.01866341,8.26352704,25,70
2026-06-05 14:23:01.294522,47.01867224,8.26368007,25,70
2026-06-05 14:23:06.294522,47.01862392,8.26383223,25,70
2026-06-05 14:23:11.294522,47.01852336,8.26397353,25,70
2026-06-05 14:23:16.294522,47.0184204,8.26413511,25,70
2026-06-05 14:23:21.294522,47.01836067,8.2643592,25,70
2026-06-05 14:23:26.294522,47.01834479,8.2644922,25,70
2026-06-05 14:23:31.294522,47.01833607,8.26463283,25,70
2026-06-05 14:23:36.294522,47.01833134,8.26477832,25,70
2026-06-05 14:23:41.294522,47.01832985,8.26492379,25,70
2026-06-05 14:23:46.294522,47.01832714,8.26505951,25,70
2026-06-05 14:23:51.294522,47.01830679,8.26531304,25,70
2026-06-05 14:23:56.294522,47.01827692,8.26553737,25,70
2026-06-05 14:24:01.294522,47.01824085,8.26575373,25,70
2026-06-05 14:24:06.294522,47.01817781,8.26598133,25,70
2026-06-05 14:24:11.294522,47.01812522,8.26620561,25,70
2026-06-05 14:24:16.294522,47.01813589,8.2664184,25,70
2026-06-05 14:24:21.294522,47.01820403,8.26660109,25,70
2026-06-05 14:24:26.294522,47.01825124,8.26676952,25,70
2026-06-05 14:24:31.294522,47.01825289,8.26694001,25,70
2026-06-05 14:24:36.294522,47.01822733,8.26712138,25,70
2026-06-05 14:24:41.294522,47.0181697,8.26732226,25,70
2026-06-05 14:24:46.294522,47.01812475,8.26749778,25,70
2026-06-05 14:24:51.294522,47.01814741,8.26768609,25,70
2026-06-05 14:24:56.294522,47.01818095,8.26786293,25,70
2026-06-05 14:25:01.294522,47.01815605,8.26805498,25,70
2026-06-05 14:25:06.294522,47.01809299,8.26822452,25,70
2026-06-05 14:25:11.294522,47.0180411,8.26838285,25,70
2026-06-05 14:25:16.294522,47.01799381,8.26853492,25,70
2026-06-05 14:25:21.294522,47.01795441,8.26867412,25,70
2026-06-05 14:25:26.294522,47.01791474,8.26880617,25,70
2026-06-05 14:25:31.294522,47.01787864,8.26893574,25,70
2026-06-05 14:25:36.294522,47.01780509,8.26909975,25,70
2026-06-05 14:25:41.294522,47.01771974,8.26924559,25,70
2026-06-05 14:25:46.294522,47.01764263,8.26939026,25,70
2026-06-05 14:25:51.294522,47.01758001,8.26949039,25,70
2026-06-05 14:25:56.294522,47.01751169,8.26959473,25,70
2026-06-05 14:26:01.294522,47.01743786,8.26971586,25,70
2026-06-05 14:26:06.294522,47.01736362,8.26984241,25,70
2026-06-05 14:26:11.294522,47.01727119,8.26996086,25,70
2026-06-05 14:26:16.294522,47.01718393,8.27008653,25,70
2026-06-05 14:26:21.294522,47.01710212,8.27022159,25,70
2026-06-05 14:26:26.294522,47.01701438,8.27034531,25,70
2026-06-05 14:26:31.294522,47.01691526,8.2704498,25,70
2026-06-05 14:26:36.294522,47.01680111,8.27049213,25,70
2026-06-05 14:26:41.294522,47.01668515,8.27043338,25,70
2026-06-05 14:26:46.294522,47.01662095,8.27025852,25,70
2026-06-05 14:26:51.294522,47.01656054,8.27005877,25,70
2026-06-05 14:26:56.294522,47.01649294,8.26990444,25,70
2026-06-05 14:27:01.294522,47.01639822,8.26977039,25,70
2026-06-05 14:27:06.294522,47.0162875,8.26965283,25,70
2026-06-05 14:27:11.294522,47.01616151,8.26963839,25,70
2026-06-05 14:27:16.294522,47.01603911,8.26978189,25,70
2026-06-05 14:27:21.294522,47.01601225,8.26995595,25,70
2026-06-05 14:27:26.294522,47.01600648,8.27009309,25,70
2026-06-05 14:27:31.294522,47.01601712,8.27026094,25,70
2026-06-05 14:27:36.294522,47.01600343,8.27040509,25,70
2026-06-05 14:27:41.294522,47.01595138,8.27053004,25,70
2026-06-05 14:27:46.294522,47.01588849,8.27066512,25,70
2026-06-05 14:27:51.294522,47.015828,8.27078494,25,70
2026-06-05 14:27:56.294522,47.01580223,8.27092822,25,70
2026-06-05 14:28:01.294522,47.0157653,8.27106548,25,70
2026-06-05 14:28:06.294522,47.01574649,8.27122173,25,70
2026-06-05 14:28:11.294522,47.01569533,8.27133436,25,70
2026-06-05 14:28:16.294522,47.01564299,8.27145516,25,70
2026-06-05 14:28:21.294522,47.01557286,8.27157406,25,70
2026-06-05 14:28:26.294522,47.01550859,8.27168612,25,70
2026-06-05 14:28:31.294522,47.015451,8.27179988,25,70
2026-06-05 14:28:36.294522,47.01536372,8.27193483,25,70
2026-06-05 14:28:41.294522,47.01525958,8.27208149,25,70
2026-06-05 14:28:46.294522,47.01521321,8.27219818,25,70
2026-06-05 14:28:51.294522,47.01519645,8.27233754,25,70
2026-06-05 14:28:56.294522,47.01519601,8.27251013,25,70
2026-06-05 14:29:01.294522,47.01520676,8.27266089,25,70
2026-06-05 14:29:06.294522,47.01518901,8.27280324,25,70
2026-06-05 14:29:11.294522,47.01513525,8.272938,25,70
2026-06-05 14:29:16.294522,47.01507292,8.27305782,25,70
2026-06-05 14:29:21.294522,47.01501559,8.27317804,25,70
2026-06-05 14:29:26.294522,47.01495859,8.27329576,25,70
2026-06-05 14:29:31.294522,47.01490122,8.27340914,25,70
2026-06-05 14:29:36.294522,47.01485505,8.27353102,25,70
2026-06-05 14:29:41.294522,47.0148247,8.27366568,25,70
2026-06-05 14:29:46.294522,47.01482228,8.27381642,25,70
2026-06-05 14:29:51.294522,47.01483893,8.27396127,25,70
2026-06-05 14:29:56.294522,47.0148643,8.2741078,25,70
2026-06-05 14:30:01.294522,47.0148904,8.27425153,25,70
2026-06-05 14:30:06.294522,47.01491123,8.27439025,25,70
2026-06-05 14:30:11.294522,47.01493367,8.27452981,25,70
2026-06-05 14:30:16.294522,47.01496423,8.27467288,25,70
2026-06-05 14:30:21.294522,47.01499667,8.27480752,25,70
2026-06-05 14:30:26.294522,47.01503928,8.27494976,25,70
2026-06-05 14:30:31.294522,47.0150818,8.27511546,25,70
2026-06-05 14:30:36.294522,47.01514453,8.27538293,25,70
2026-06-05 14:30:41.294522,47.01516755,8.27551928,25,70
2026-06-05 14:30:46.294522,47.01518264,8.27566907,26.5,65
2026-06-05 14:30:51.294522,47.01518516,8.27582077,26.5,65
2026-06-05 14:30:56.294522,47.01516991,8.27597793,26.5,65
2026-06-05 14:31:01.294522,47.01516365,8.27614105,26.5,65
2026-06-05 14:31:06.294522,47.01517904,8.27630251,26.5,65
2026-06-05 14:31:11.294522,47.01521981,8.27645968,26.5,65
2026-06-05 14:31:16.294522,47.01527519,8.2766055,26.5,65
2026-06-05 14:31:21.294522,47.0153318,8.27673699,26.5,65
2026-06-05 14:31:26.294522,47.01538227,8.27686327,26.5,65
2026-06-05 14:31:31.294522,47.01542616,8.27698482,26.5,65
2026-06-05 14:31:36.294522,47.01546327,8.27711564,26.5,65
2026-06-05 14:31:41.294522,47.01549273,8.27726436,26.5,65
2026-06-05 14:31:46.294522,47.01551182,8.27742298,26.5,65
2026-06-05 14:31:51.294522,47.0155211,8.27757693,26.5,65
2026-06-05 14:31:56.294522,47.015526,8.27771057,26.5,65
2026-06-05 14:32:01.294522,47.01552181,8.2778442,26.5,65
2026-06-05 14:32:06.294522,47.01550021,8.2779923,26.5,65
2026-06-05 14:32:11.294522,47.01546407,8.27814161,26.5,65
2026-06-05 14:32:16.294522,47.01542673,8.27830063,26.5,65
2026-06-05 14:32:21.294522,47.01539282,8.27847594,26.5,65
2026-06-05 14:32:26.294522,47.01536589,8.27863906,26.5,65
2026-06-05 14:32:31.294522,47.01533883,8.27879167,26.5,65
2026-06-05 14:32:36.294522,47.01531341,8.27893392,26.5,65
2026-06-05 14:32:41.294522,47.0152718,8.27917263,26.5,65
2026-06-05 14:32:46.294522,47.01520472,8.27936316,26.5,65
2026-06-05 14:32:51.294522,47.01507355,8.27947314,26.5,65
2026-06-05 14:32:56.294522,47.01494637,8.27951595,26.5,65
2026-06-05 14:33:01.294522,47.01487275,8.27962276,26.5,65
2026-06-05 14:33:06.294522,47.01489901,8.2797948,26.5,65
2026-06-05 14:33:11.294522,47.01495536,8.2799527,26.5,65
2026-06-05 14:33:16.294522,47.01498144,8.2801136,26.5,65
2026-06-05 14:33:21.294522,47.01499422,8.28033281,26.5,65
2026-06-05 14:33:26.294522,47.01493333,8.28061566,26.5,65
2026-06-05 14:33:31.294522,47.01488161,8.28074759,26.5,65
2026-06-05 14:33:36.294522,47.01482976,8.28087897,26.5,65
2026-06-05 14:33:41.294522,47.01477928,8.28099957,26.5,65
2026-06-05 14:33:46.294522,47.01468193,8.28120989,26.5,65
2026-06-05 14:33:51.294522,47.01460112,8.28142414,26.5,65
2026-06-05 14:33:56.294522,47.01457439,8.28163051,26.5,65
2026-06-05 14:34:01.294522,47.01465026,8.2818701,26.5,65
2026-06-05 14:34:06.294522,47.01471214,8.28198584,26.5,65
2026-06-05 14:34:11.294522,47.01476833,8.28209645,26.5,65
2026-06-05 14:34:16.294522,47.01486288,8.28228083,26.5,65
2026-06-05 14:34:21.294522,47.0149931,8.28241606,26.5,65
2026-06-05 14:34:26.294522,47.01508637,8.28243068,26.5,65
2026-06-05 14:34:31.294522,47.01518368,8.28240625,26.5,65
2026-06-05 14:34:36.294522,47.01527152,8.28234396,26.5,65
2026-06-05 14:34:41.294522,47.01535466,8.28224028,26.5,65
2026-06-05 14:34:46.294522,47.0154212,8.28212785,26.5,65
2026-06-05 14:34:51.294522,47.01548662,8.28202499,26.5,65
2026-06-05 14:34:56.294522,47.01555129,8.28192109,26.5,65
2026-06-05 14:35:01.294522,47.01560913,8.28181378,26.5,65
2026-06-05 14:35:06.294522,47.01565552,8.28169608,26.5,65
2026-06-05 14:35:11.294522,47.01569138,8.28156577,26.5,65
2026-06-05 14:35:16.294522,47.01572284,8.28143069,26.5,65
2026-06-05 14:35:21.294522,47.01575658,8.28129627,26.5,65
2026-06-05 14:35:26.294522,47.0157925,8.28116868,26.5,65
2026-06-05 14:35:31.294522,47.01585536,8.28093946,26.5,65
2026-06-05 14:35:36.294522,47.01592013,8.28072375,26.5,65
2026-06-05 14:35:41.294522,47.01601171,8.28049037,26.5,65
2026-06-05 14:35:46.294522,47.0160645,8.2803784,26.5,65
2026-06-05 14:35:51.294522,47.01614776,8.28025023,26.5,65
2026-06-05 14:35:56.294522,47.01623956,8.28011419,26.5,65
2026-06-05 14:36:01.294522,47.0163337,8.27997246,26.5,65
2026-06-05 14:36:06.294522,47.01642632,8.27982894,26.5,65
2026-06-05 14:36:11.294522,47.01651636,8.27968878,26.5,65
2026-06-05 14:36:16.294522,47.01660181,8.27955543,26.5,65
2026-06-05 14:36:21.294522,47.01667679,8.27943528,26.5,65
2026-06-05 14:36:26.294522,47.01674216,8.27932999,26.5,65
2026-06-05 14:36:31.294522,47.01684575,8.27916102,26.5,65
2026-06-05 14:36:36.294522,47.01692493,8.27905311,26.5,65
2026-06-05 14:36:41.294522,47.01703394,8.2790378,26.5,65
2026-06-05 14:36:46.294522,47.01715178,8.27913994,26.5,65
2026-06-05 14:36:51.294522,47.01723463,8.27924142,26.5,65
2026-06-05 14:36:56.294522,47.01732887,8.27934911,26.5,65
2026-06-05 14:37:01.294522,47.01741193,8.27944543,26.5,65
2026-06-05 14:37:06.294522,47.01748739,8.27953995,26.5,65
2026-06-05 14:37:11.294522,47.01755366,8.27964971,26.5,65
2026-06-05 14:37:16.294522,47.0176092,8.27977697,26.5,65
2026-06-05 14:37:21.294522,47.01766426,8.27991951,26.5,65
2026-06-05 14:37:26.294522,47.01768808,8.28004964,26.5,65
2026-06-05 14:37:31.294522,47.01769578,8.28018454,26.5,65
2026-06-05 14:37:36.294522,47.01768144,8.28032886,26.5,65
2026-06-05 14:37:41.294522,47.01765861,8.28049399,26.5,65
2026-06-05 14:37:46.294522,47.01765732,8.28065158,26.5,65
2026-06-05 14:37:51.294522,47.01771091,8.28078052,26.5,65
2026-06-05 14:37:56.294522,47.01778717,8.28088402,26.5,65
2026-06-05 14:38:01.294522,47.01788121,8.2809987,26.5,65
2026-06-05 14:38:06.294522,47.01801276,8.28114065,26.5,65
2026-06-05 14:38:11.294522,47.01808801,8.28121769,26.5,65
2026-06-05 14:38:16.294522,47.01816958,8.28129852,26.5,65
2026-06-05 14:38:21.294522,47.01824874,8.28137841,26.5,65
2026-06-05 14:38:26.294522,47.01832756,8.28144975,26.5,65
2026-06-05 14:38:31.294522,47.0184686,8.28156032,26.5,65
2026-06-05 14:38:36.294522,47.01856986,8.28164691,26.5,65
2026-06-05 14:38:41.294522,47.01864664,8.28172584,26.5,65
2026-06-05 14:38:46.294522,47.01876346,8.28168448,26.5,65
2026-06-05 14:38:51.294522,47.01885724,8.28161926,26.5,65
2026-06-05 14:38:56.294522,47.01897409,8.28151476,26.5,65
2026-06-05 14:39:01.294522,47.01910335,8.28137358,26.5,65
2026-06-05 14:39:06.294522,47.01922912,8.28125551,26.5,65
2026-06-05 14:39:11.294522,47.01935939,8.28116371,26.5,65
2026-06-05 14:39:16.294522,47.01948254,8.28108189,26.5,65
2026-06-05 14:39:21.294522,47.01960695,8.28092985,26.5,65
2026-06-05 14:39:26.294522,47.01967374,8.2808334,26.5,65
2026-06-05 14:39:31.294522,47.01973925,8.28074066,26.5,65
2026-06-05 14:39:36.294522,47.01987027,8.28059994,26.5,65
2026-06-05 14:39:41.294522,47.02001101,8.28053181,26.5,65
2026-06-05 14:39:46.294522,47.02016872,8.28047769,26.5,65
2026-06-05 14:39:51.294522,47.0203361,8.2804471,26.5,65
2026-06-05 14:39:56.294522,47.02051116,8.28044467,26.5,65
2026-06-05 14:40:01.294522,47.02068859,8.280439,26.5,65
2026-06-05 14:40:06.294522,47.02086449,8.2804223,26.5,65
2026-06-05 14:40:11.294522,47.02102682,8.28033912,26.5,65
2026-06-05 14:40:16.294522,47.02117948,8.28026781,26.5,65
2026-06-05 14:40:21.294522,47.02132777,8.28025251,26.5,65
2026-06-05 14:40:26.294522,47.02148262,8.28029003,26.5,65
2026-06-05 14:40:31.294522,47.02163976,8.28039888,26.5,65
2026-06-05 14:40:36.294522,47.02171571,8.28049229,26.5,65
2026-06-05 14:40:41.294522,47.02179593,8.28059291,26.5,65
2026-06-05 14:40:46.294522,47.02187437,8.28068806,26.5,65
2026-06-05 14:40:51.294522,47.02194554,8.28078675,26.5,65
2026-06-05 14:40:56.294522,47.02200308,8.28088906,26.5,65
2026-06-05 14:41:01.294522,47.02209402,8.28108142,26.5,65
2026-06-05 14:41:06.294522,47.0221502,8.28119972,26.5,65
2026-06-05 14:41:11.294522,47.0222505,8.28124238,26.5,65
2026-06-05 14:41:16.294522,47.02221318,8.28109387,26.5,65
2026-06-05 14:41:21.294522,47.0221335,8.28095145,26.5,65
2026-06-05 14:41:26.294522,47.02206591,8.28082357,26.5,65
2026-06-05 14:41:31.294522,47.02205775,8.28067422,26.5,65
2026-06-05 14:41:36.294522,47.02216481,8.28063493,26.5,65
2026-06-05 14:41:41.294522,47.02227007,8.28063977,26.5,65
2026-06-05 14:41:46.294522,47.02238779,8.28066785,26.5,65
2026-06-05 14:41:51.294522,47.02248938,8.28061342,26.5,65
2026-06-05 14:41:56.294522,47.0225473,8.28048531,26.5,65
2026-06-05 14:42:01.294522,47.02261526,8.28034509,26.5,65
2026-06-05 14:42:06.294522,47.02271019,8.2803096,26.5,65
2026-06-05 14:42:11.294522,47.02281495,8.28027001,26.5,65
2026-06-05 14:42:16.294522,47.02291872,8.28020453,26.5,65
2026-06-05 14:42:21.294522,47.02300769,8.28013536,26.5,65
2026-06-05 14:42:26.294522,47.0231156,8.28006376,26.5,65
2026-06-05 14:42:31.294522,47.02320432,8.28001666,26.5,65
2026-06-05 14:42:36.294522,47.02329238,8.27998656,26.5,65
2026-06-05 14:42:41.294522,47.02338458,8.27995867,26.5,65
2026-06-05 14:42:46.294522,47.02344874,8.27984092,26.5,65
2026-06-05 14:42:51.294522,47.02347076,8.27969201,26.5,65
2026-06-05 14:42:56.294522,47.02355069,8.27957808,26.5,65
2026-06-05 14:43:01.294522,47.02363086,8.27948694,26.5,65
2026-06-05 14:43:06.294522,47.02374019,8.27948763,26.5,65
2026-06-05 14:43:11.294522,47.02385838,8.27957117,26.5,65
2026-06-05 14:43:16.294522,47.02397357,8.27963313,26.5,65
2026-06-05 14:43:21.294522,47.02410288,8.27971943,26.5,65
2026-06-05 14:43:26.294522,47.0242506,8.27979908,26.5,65
2026-06-05 14:43:31.294522,47.02434731,8.27986988,26.5,65
2026-06-05 14:43:36.294522,47.0244909,8.27990523,26.5,65
2026-06-05 14:43:41.294522,47.02461576,8.27989024,26.5,65
2026-06-05 14:43:46.294522,47.02474718,8.27984556,26.5,65
2026-06-05 14:43:51.294522,47.02485586,8.27980957,26.5,65
2026-06-05 14:43:56.294522,47.02496602,8.27975055,26.5,65
2026-06-05 14:44:01.294522,47.02507251,8.27968097,26.5,65
2026-06-05 14:44:06.294522,47.02517661,8.27961348,26.5,65
2026-06-05 14:44:11.294522,47.02528006,8.27955338,26.5,65
2026-06-05 14:44:16.294522,47.02537558,8.27951235,26.5,65
2026-06-05 14:44:21.294522,47.02549463,8.27948434,26.5,65
2026-06-05 14:44:26.294522,47.02557149,8.27948096,26.5,65
2026-06-05 14:44:31.294522,47.02573057,8.27946017,26.5,65
2026-06-05 14:44:36.294522,47.02575204,8.27945907,26.5,65
2026-06-05 14:44:41.294522,47.02577198,8.27945662,26.5,65
2026-06-05 14:44:46.294522,47.02579076,8.27945573,26.5,65
2026-06-05 14:44:51.294522,47.02590796,8.27949088,26.5,65
2026-06-05 14:44:56.294522,47.02600467,8.27953878,26.5,65
2026-06-05 14:45:01.294522,47.02609187,8.27960002,26.5,65
2026-06-05 14:45:06.294522,47.02621328,8.27967693,26.5,65
2026-06-05 14:45:11.294522,47.02631033,8.27975993,26.5,65
2026-06-05 14:45:16.294522,47.02643125,8.2798958,26.5,65
2026-06-05 14:45:21.294522,47.02655621,8.28002153,26.5,65
2026-06-05 14:45:26.294522,47.02665447,8.28014027,26.5,65
2026-06-05 14:45:31.294522,47.02674063,8.28028642,26.5,65
2026-06-05 14:45:36.294522,47.02682412,8.28042959,26.5,65
2026-06-05 14:45:41.294522,47.02688637,8.28055479,26.5,65
2026-06-05 14:45:46.294522,47.02698934,8.28065411,26.5,65
2026-06-05 14:45:51.294522,47.0271001,8.28059691,26.5,65
2026-06-05 14:45:56.294522,47.02720154,8.28055063,26.5,65
2026-06-05 14:46:01.294522,47.02729749,8.28050528,26.5,65
2026-06-05 14:46:06.294522,47.0273056,8.28031957,26.5,65
2026-06-05 14:46:11.294522,47.02731044,8.28015414,26.5,65
2026-06-05 14:46:16.294522,47.02730651,8.27996826,26.5,65
2026-06-05 14:46:21.294522,47.02729615,8.27979835,26.5,65
2026-06-05 14:46:26.294522,47.02728034,8.27966814,26.5,65
2026-06-05 14:46:31.294522,47.02726375,8.27952785,26.5,65
2026-06-05 14:46:36.294522,47.02731346,8.27939207,26.5,65
2026-06-05 14:46:41.294522,47.02740772,8.27932021,26.5,65
2026-06-05 14:46:46.294522,47.02752334,8.27924016,26.5,65
2026-06-05 14:46:51.294522,47.02762376,8.2792336,26.5,65
2026-06-05 14:46:56.294522,47.02770175,8.27933124,26.5,65
2026-06-05 14:47:01.294522,47.02779499,8.27937322,26.5,65
2026-06-05 14:47:06.294522,47.02790081,8.27928175,26.5,65
2026-06-05 14:47:11.294522,47.02796745,8.27916576,26.5,65
2026-06-05 14:47:16.294522,47.02803676,8.27900786,26.5,65
2026-06-05 14:47:21.294522,47.02811214,8.27889883,26.5,65
2026-06-05 14:47:26.294522,47.02818445,8.27879048,26.5,65
2026-06-05 14:47:31.294522,47.02827877,8.27868408,26.5,65
2026-06-05 14:47:36.294522,47.0283792,8.27861676,26.5,65
2026-06-05 14:47:41.294522,47.02850674,8.27860154,26.5,65
2026-06-05 14:47:46.294522,47.02863685,8.27858434,26.5,65
2026-06-05 14:47:51.294522,47.02874929,8.27859531,26.5,65
2026-06-05 14:47:56.294522,47.02888687,8.2786036,26.5,65
2026-06-05 14:48:01.294522,47.02897826,8.27860676,26.5,65
2026-06-05 14:48:06.294522,47.02909251,8.27861035,26.5,65
2026-06-05 14:48:11.294522,47.02918203,8.27858881,26.5,65
2026-06-05 14:48:16.294522,47.02926373,8.27867483,26.5,65
2026-06-05 14:48:21.294522,47.02932049,8.27882548,26.5,65
2026-06-05 14:48:26.294522,47.02941038,8.27885673,26.5,65
2026-06-05 14:48:31.294522,47.02949587,8.27898194,26.5,65
2026-06-05 14:48:36.294522,47.02958346,8.27910002,26.5,65
2026-06-05 14:48:41.294522,47.02960803,8.27923289,26.5,65
2026-06-05 14:48:46.294522,47.0295458,8.27934216,26.5,65
2026-06-05 14:48:51.294522,47.02945068,8.279473,26.5,65
2026-06-05 14:48:56.294522,47.02938531,8.27963348,26.5,65
2026-06-05 14:49:01.294522,47.02942383,8.27977383,26.5,65
2026-06-05 14:49:06.294522,47.02952482,8.27989649,26.5,65
2026-06-05 14:49:11.294522,47.02961284,8.28003255,26.5,65
2026-06-05 14:49:16.294522,47.0296916,8.28021621,26.5,65
2026-06-05 14:49:21.294522,47.02976467,8.28044193,26.5,65
2026-06-05 14:49:26.294522,47.02982742,8.28067866,26.5,65
2026-06-05 14:49:31.294522,47.02987844,8.28088375,26.5,65
2026-06-05 14:49:36.294522,47.0299226,8.28103828,26.5,65
2026-06-05 14:49:41.294522,47.0299413,8.28121784,26.5,65
2026-06-05 14:49:46.294522,47.02994199,8.28138503,26.5,65
2026-06-05 14:49:51.294522,47.02999239,8.28159163,26.5,65
2026-06-05 14:49:56.294522,47.03005719,8.28180426,26.5,65
2026-06-05 14:50:01.294522,47.03011098,8.28201523,26.5,65
2026-06-05 14:50:06.294522,47.03015568,8.28223744,26.5,65
2026-06-05 14:50:11.294522,47.03019931,8.28245022,26.5,65
2026-06-05 14:50:16.294522,47.03024363,8.28265882,26.5,65
2026-06-05 14:50:21.294522,47.03027759,8.28285546,26.5,65
2026-06-05 14:50:26.294522,47.03031627,8.28304105,26.5,65
2026-06-05 14:50:31.294522,47.03037592,8.2832366,26.5,65
2026-06-05 14:50:36.294522,47.03046782,8.28342668,26.5,65
2026-06-05 14:50:41.294522,47.0305316,8.28353926,26.5,65
2026-06-05 14:50:46.294522,47.03056654,8.28367191,26.5,65
2026-06-05 14:50:51.294522,47.03049258,8.28374854,26.5,65
2026-06-05 14:50:56.294522,47.0303932,8.28383641,26.5,65
2026-06-05 14:51:01.294522,47.03030392,8.28393493,26.5,65
2026-06-05 14:51:06.294522,47.03021615,8.28404121,26.5,65
2026-06-05 14:51:11.294522,47.03015703,8.28414883,26.5,65
2026-06-05 14:51:16.294522,47.03013556,8.28428684,26.5,65
2026-06-05 14:51:21.294522,47.03010556,8.28443253,26.5,65
2026-06-05 14:51:26.294522,47.03004988,8.28455453,26.5,65
2026-06-05 14:51:31.294522,47.02999715,8.28467523,26.5,65
2026-06-05 14:51:36.294522,47.02994337,8.28478924,26.5,65
2026-06-05 14:51:41.294522,47.0298778,8.28490419,26.5,65
2026-06-05 14:51:46.294522,47.02981751,8.28501793,26.5,65
2026-06-05 14:51:51.294522,47.02976156,8.28513283,26.5,65
2026-06-05 14:51:56.294522,47.02970976,8.28524589,26.5,65
2026-06-05 14:52:01.294522,47.02965485,8.28536183,26.5,65
2026-06-05 14:52:06.294522,47.02959821,8.28548231,26.5,65
2026-06-05 14:52:11.294522,47.02953971,8.28560061,26.5,65
2026-06-05 14:52:16.294522,47.02948114,8.28572317,26.5,65
2026-06-05 14:52:21.294522,47.02942079,8.2858406,26.5,65
2026-06-05 14:52:26.294522,47.02935914,8.28596908,26.5,65
2026-06-05 14:52:31.294522,47.0292916,8.28610364,26.5,65
2026-06-05 14:52:36.294522,47.02922247,8.28623831,26.5,65
2026-06-05 14:52:41.294522,47.02915376,8.28636933,26.5,65
2026-06-05 14:52:46.294522,47.02908061,8.28650625,26.5,65
2026-06-05 14:52:51.294522,47.02900996,8.2866416,26.5,65
2026-06-05 14:52:56.294522,47.02894017,8.286787,26.5,65
2026-06-05 14:53:01.294522,47.02886932,8.28692657,26.5,65
2026-06-05 14:53:06.294522,47.02879733,8.28706913,26.5,65
2026-06-05 14:53:11.294522,47.02872636,8.28721787,26.5,65
2026-06-05 14:53:16.294522,47.028653,8.28736835,26.5,65
2026-06-05 14:53:21.294522,47.02857665,8.28751562,26.5,65
2026-06-05 14:53:26.294522,47.02850606,8.28765798,26.5,65
2026-06-05 14:53:31.294522,47.02842657,8.28778859,26.5,65
2026-06-05 14:53:36.294522,47.02833559,8.2879053,26.5,65
2026-06-05 14:53:41.294522,47.02823405,8.28802816,26.5,65
2026-06-05 14:53:46.294522,47.02812629,8.28813083,26.5,65
2026-06-05 14:53:51.294522,47.02801875,8.28820197,26.5,65
2026-06-05 14:53:56.294522,47.02788532,8.28820989,26.5,65
2026-06-05 14:54:01.294522,47.02776492,8.28821919,26.5,65
2026-06-05 14:54:06.294522,47.02766973,8.28823803,26.5,65
2026-06-05 14:54:11.294522,47.02757733,8.28827126,26.5,65
2026-06-05 14:54:16.294522,47.02749487,8.28834963,26.5,65
2026-06-05 14:54:21.294522,47.02742865,8.28845171,26.5,65
2026-06-05 14:54:26.294522,47.02736477,8.28855429,26.5,65
2026-06-05 14:54:31.294522,47.02729457,8.28864187,26.5,65
2026-06-05 14:54:36.294522,47.02722719,8.28874172,26.5,65
2026-06-05 14:54:41.294522,47.02716819,8.28884613,26.5,65
2026-06-05 14:54:46.294522,47.02712718,8.28897603,26.5,65
2026-06-05 14:54:51.294522,47.02707441,8.28910299,26.5,65
2026-06-05 14:54:56.294522,47.02699761,8.28919599,26.5,65
2026-06-05 14:55:01.294522,47.02696814,8.28933651,26.5,65
2026-06-05 14:55:06.294522,47.0269018,8.28944831,26.5,65
2026-06-05 14:55:11.294522,47.02683681,8.28955686,26.5,65
2026-06-05 14:55:16.294522,47.02675564,8.28964607,26.5,65
2026-06-05 14:55:21.294522,47.02666621,8.2897198,26.5,65
2026-06-05 14:55:26.294522,47.02659925,8.28981634,27,80
2026-06-05 14:55:31.294522,47.026522,8.28990512,27,80
2026-06-05 14:55:36.294522,47.02643097,8.28997068,27,80
2026-06-05 14:55:41.294522,47.02634635,8.29002155,27,80
2026-06-05 14:55:46.294522,47.02627836,8.29010912,27,80
2026-06-05 14:55:51.294522,47.02620937,8.29019897,27,80
2026-06-05 14:55:56.294522,47.02613201,8.2902929,27,80
2026-06-05 14:56:01.294522,47.02605363,8.29038516,27,80
2026-06-05 14:56:06.294522,47.02598512,8.2904816,27,80
2026-06-05 14:56:11.294522,47.0259075,8.29057478,27,80
2026-06-05 14:56:16.294522,47.02582846,8.29066253,27,80
2026-06-05 14:56:21.294522,47.02574146,8.29074146,27,80
2026-06-05 14:56:26.294522,47.02564982,8.29077943,27,80
2026-06-05 14:56:31.294522,47.02556621,8.29083247,27,80
2026-06-05 14:56:36.294522,47.02548659,8.2908982,27,80
2026-06-05 14:56:41.294522,47.02539313,8.29091895,27,80
2026-06-05 14:56:46.294522,47.02530684,8.29098232,27,80
2026-06-05 14:56:51.294522,47.02522282,8.29103626,27,80
2026-06-05 14:56:56.294522,47.02512652,8.29107746,27,80
2026-06-05 14:57:01.294522,47.02503047,8.29109298,27,80
2026-06-05 14:57:06.294522,47.0249291,8.29110093,27,80
2026-06-05 14:57:11.294522,47.02483749,8.29112738,27,80
2026-06-05 14:57:16.294522,47.02475004,8.29116758,27,80
2026-06-05 14:57:21.294522,47.02466025,8.29120486,27,80
2026-06-05 14:57:26.294522,47.02457077,8.29122985,27,80
2026-06-05 14:57:31.294522,47.02448179,8.29128946,27,80
2026-06-05 14:57:36.294522,47.02439631,8.29133887,27,80
2026-06-05 14:57:41.294522,47.02431171,8.29138892,27,80
2026-06-05 14:57:46.294522,47.0242205,8.2914457,27,80
2026-06-05 14:57:51.294522,47.02413526,8.29151045,27,80
2026-06-05 14:57:56.294522,47.02405621,8.29157868,27,80
2026-06-05 14:58:01.294522,47.02397615,8.29164923,27,80
2026-06-05 14:58:06.294522,47.02390278,8.29172878,27,80
2026-06-05 14:58:11.294522,47.02380891,8.29177582,27,80
2026-06-05 14:58:16.294522,47.02372606,8.29184402,27,80
2026-06-05 14:58:21.294522,47.02363158,8.29188956,27,80
2026-06-05 14:58:26.294522,47.02355521,8.29196569,27,80
2026-06-05 14:58:31.294522,47.02347544,8.29205297,27,80
2026-06-05 14:58:36.294522,47.02339336,8.29212967,27,80
2026-06-05 14:58:41.294522,47.02331203,8.29218653,27,80
2026-06-05 14:58:46.294522,47.02323879,8.29228899,27,80
2026-06-05 14:58:51.294522,47.02315848,8.29234905,27,80
2026-06-05 14:58:56.294522,47.02308621,8.29243125,27,80
2026-06-05 14:59:01.294522,47.02304255,8.29255149,27,80
2026-06-05 14:59:06.294522,47.02296049,8.29263879,27,80
2026-06-05 14:59:11.294522,47.02291557,8.29275776,27,80
2026-06-05 14:59:16.294522,47.02285527,8.29285691,27,80
2026-06-05 14:59:21.294522,47.02280483,8.29297735,27,80
2026-06-05 14:59:26.294522,47.02274278,8.29308326,27,80
2026-06-05 14:59:31.294522,47.02267997,8.29320125,27,80
2026-06-05 14:59:36.294522,47.02262013,8.29332157,27,80
2026-06-05 14:59:41.294522,47.02256579,8.29344294,27,80
2026-06-05 14:59:46.294522,47.02248924,8.29355659,27,80
2026-06-05 14:59:51.294522,47.02242991,8.29366658,27,80
2026-06-05 14:59:56.294522,47.02238121,8.29379311,27,80
2026-06-05 15:00:01.294522,47.02233493,8.29392171,27,80
2026-06-05 15:00:06.294522,47.02230374,8.29405593,27,80
2026-06-05 15:00:11.294522,47.02221478,8.2941337,27,80
2026-06-05 15:00:16.294522,47.02212003,8.29415956,27,80
2026-06-05 15:00:21.294522,47.02202384,8.29420007,27,80
2026-06-05 15:00:26.294522,47.02192732,8.29423675,27,80
2026-06-05 15:00:31.294522,47.02183865,8.29428001,27,80
2026-06-05 15:00:36.294522,47.02174795,8.29431715,27,80
2026-06-05 15:00:41.294522,47.02164864,8.29435426,27,80
2026-06-05 15:00:46.294522,47.02155591,8.29438412,27,80
2026-06-05 15:00:51.294522,47.02146984,8.29442402,27,80
2026-06-05 15:00:56.294522,47.0213814,8.29445816,27,80
2026-06-05 15:01:01.294522,47.02128628,8.29449424,27,80
2026-06-05 15:01:06.294522,47.02119785,8.2945376,27,80
2026-06-05 15:01:11.294522,47.0211041,8.29458302,27,80
2026-06-05 15:01:16.294522,47.02101613,8.29462115,27,80
2026-06-05 15:01:21.294522,47.02092782,8.29466743,27,80
2026-06-05 15:01:26.294522,47.02083385,8.29471991,27,80
2026-06-05 15:01:31.294522,47.02074055,8.29477464,27,80
2026-06-05 15:01:36.294522,47.0206533,8.29482648,27,80
2026-06-05 15:01:41.294522,47.02056302,8.29486776,27,80
2026-06-05 15:01:46.294522,47.02047849,8.29493612,27,80
2026-06-05 15:01:51.294522,47.02039771,8.29500775,27,80
2026-06-05 15:01:56.294522,47.02031005,8.29505666,27,80
2026-06-05 15:02:01.294522,47.0202333,8.29514391,27,80
2026-06-05 15:02:06.294522,47.02016355,8.29523318,27,80
2026-06-05 15:02:11.294522,47.02013987,8.29536291,27,80
2026-06-05 15:02:16.294522,47.02011708,8.29550895,27,80
2026-06-05 15:02:21.294522,47.02009038,8.29563479,27,80
2026-06-05 15:02:26.294522,47.0200435,8.29576938,27,80
2026-06-05 15:02:31.294522,47.01998609,8.29588449,27,80
2026-06-05 15:02:36.294522,47.01992972,8.29599376,27,80
2026-06-05 15:02:41.294522,47.01986949,8.29611134,27,80
2026-06-05 15:02:46.294522,47.01980946,8.29621107,27,80
2026-06-05 15:02:51.294522,47.01975597,8.29632404,27,80
2026-06-05 15:02:56.294522,47.01966867,8.29638707,27,80
2026-06-05 15:03:01.294522,47.01957961,8.29646892,27,80
2026-06-05 15:03:06.294522,47.01952057,8.29658363,27,80
2026-06-05 15:03:11.294522,47.01949,8.29672603,27,80
2026-06-05 15:03:16.294522,47.01944373,8.29685837,27,80
2026-06-05 15:03:21.294522,47.01940388,8.29697985,27,80
2026-06-05 15:03:26.294522,47.01936019,8.29710804,27,80
2026-06-05 15:03:31.294522,47.0193195,8.29723166,27,80
2026-06-05 15:03:36.294522,47.01927045,8.29736578,27,80
2026-06-05 15:03:41.294522,47.01923466,8.2975002,27,80
2026-06-05 15:03:46.294522,47.01919012,8.2976318,27,80
2026-06-05 15:03:51.294522,47.01913887,8.2977542,27,80
2026-06-05 15:03:56.294522,47.01905853,8.29783503,27,80
2026-06-05 15:04:01.294522,47.01897945,8.29790244,27,80
2026-06-05 15:04:06.294522,47.01898292,8.29805745,27,80
2026-06-05 15:04:11.294522,47.01901185,8.2981946,27,80
2026-06-05 15:04:16.294522,47.01901338,8.29834139,27,80
2026-06-05 15:04:21.294522,47.01895062,8.29843908,27,80
2026-06-05 15:04:26.294522,47.01887607,8.29853447,27,80
2026-06-05 15:04:31.294522,47.01878773,8.29861002,27,80
2026-06-05 15:04:36.294522,47.01873681,8.29872998,27,80
2026-06-05 15:04:41.294522,47.01865996,8.29881789,27,80
2026-06-05 15:04:46.294522,47.01860607,8.29893049,27,80
2026-06-05 15:04:51.294522,47.01853261,8.29902995,27,80
2026-06-05 15:04:56.294522,47.01847463,8.2991334,27,80
2026-06-05 15:05:01.294522,47.0184448,8.29926875,27,80
2026-06-05 15:05:06.294522,47.01842118,8.29941644,27,80
2026-06-05 15:05:11.294522,47.01839623,8.29954747,27,80
2026-06-05 15:05:16.294522,47.0183957,8.29969565,27,80
2026-06-05 15:05:21.294522,47.01838425,8.29982614,27,80
2026-06-05 15:05:26.294522,47.01837795,8.29995935,27,80
2026-06-05 15:05:31.294522,47.0183799,8.30010609,27,80
2026-06-05 15:05:36.294522,47.01836647,8.30024013,27,80
2026-06-05 15:05:41.294522,47.01833814,8.30036664,27,80
2026-06-05 15:05:46.294522,47.01829449,8.30048671,27,80
2026-06-05 15:05:51.294522,47.01827521,8.30063268,27,80
2026-06-05 15:05:56.294522,47.01826781,8.30076803,27,80
2026-06-05 15:06:01.294522,47.0182789,8.30090062,27,80
2026-06-05 15:06:06.294522,47.01827382,8.30103828,27,80
2026-06-05 15:06:11.294522,47.01826142,8.3011748,27,80
2026-06-05 15:06:16.294522,47.01825403,8.30131746,27,80
2026-06-05 15:06:21.294522,47.01825934,8.3014562,27,80
2026-06-05 15:06:26.294522,47.0182716,8.30159425,27,80
2026-06-05 15:06:31.294522,47.0182575,8.30173277,27,80
2026-06-05 15:06:36.294522,47.01828682,8.30187444,27,80
2026-06-05 15:06:41.294522,47.01831711,8.30200694,27,80
2026-06-05 15:06:46.294522,47.01835409,8.30213292,27,80
2026-06-05 15:06:51.294522,47.01839452,8.30226502,27,80
2026-06-05 15:06:56.294522,47.01842615,8.30241625,27,80
2026-06-05 15:07:01.294522,47.01843107,8.30256077,27,80
2026-06-05 15:07:06.294522,47.01844627,8.30269593,27,80
2026-06-05 15:07:11.294522,47.01842727,8.30283027,27,80
2026-06-05 15:07:16.294522,47.01832363,8.30285486,27,80
2026-06-05 15:07:21.294522,47.01822912,8.30291628,27,80
2026-06-05 15:07:26.294522,47.01817158,8.30301946,27,80
2026-06-05 15:07:31.294522,47.018106,8.30313057,27,80
2026-06-05 15:07:36.294522,47.01808702,8.30326209,27,80
2026-06-05 15:07:41.294522,47.0179895,8.30328707,27,80
2026-06-05 15:07:46.294522,47.01792549,8.30338116,27,80
2026-06-05 15:07:51.294522,47.01790151,8.30352465,27,80
2026-06-05 15:07:56.294522,47.01790963,8.30367374,27,80
2026-06-05 15:08:01.294522,47.01792529,8.30381656,27,80
2026-06-05 15:08:06.294522,47.01791487,8.30395763,27,80
2026-06-05 15:08:11.294522,47.01793278,8.30408809,27,80
2026-06-05 15:08:16.294522,47.01795818,8.30422692,27,80
2026-06-05 15:08:21.294522,47.01797063,8.30436203,27,80
2026-06-05 15:08:26.294522,47.01796008,8.30451327,27,80
2026-06-05 15:08:31.294522,47.01795444,8.30466377,27,80
2026-06-05 15:08:36.294522,47.0179434,8.30479617,27,80
2026-06-05 15:08:41.294522,47.01794515,8.30493559,27,80
2026-06-05 15:08:46.294522,47.01793201,8.30506645,27,80
2026-06-05 15:08:51.294522,47.01791775,8.3052036,27,80
2026-06-05 15:08:56.294522,47.01790702,8.30533602,27,80
2026-06-05 15:09:01.294522,47.01788328,8.3054813,27,80
2026-06-05 15:09:06.294522,47.01786886,8.30561854,27,80
2026-06-05 15:09:11.294522,47.01785964,8.3057524,27,80
2026-06-05 15:09:16.294522,47.01785707,8.30590569,27,80
2026-06-05 15:09:21.294522,47.01782104,8.30603743,27,80
2026-06-05 15:09:26.294522,47.0177285,8.30607476,27,80
2026-06-05 15:09:31.294522,47.01763598,8.3061015,27,80
2026-06-05 15:09:36.294522,47.01753987,8.30613185,27,80
2026-06-05 15:09:41.294522,47.01745961,8.3062059,27,80
2026-06-05 15:09:46.294522,47.01738104,8.30628878,27,80
2026-06-05 15:09:51.294522,47.01733872,8.30641384,27,80
2026-06-05 15:09:56.294522,47.0173638,8.30655478,27,80
2026-06-05 15:10:01.294522,47.01723334,8.30692542,27,80
2026-06-05 15:10:06.294522,47.01731145,8.30700058,27,80
2026-06-05 15:10:11.294522,47.0173612,8.30711711,27,80
2026-06-05 15:10:16.294522,47.01746187,8.30710313,27,80
2026-06-05 15:10:21.294522,47.01756605,8.30708326,27,80
2026-06-05 15:10:26.294522,47.01766451,8.307059,27,80
2026-06-05 15:10:31.294522,47.01756422,8.30703927,27,80
2026-06-05 15:10:36.294522,47.01746578,8.30708037,27,80
2026-06-05 15:10:41.294522,47.01736734,8.3070696,27,80
2026-06-05 15:10:46.294522,47.017358,8.30707206,27,80
2026-06-05 15:10:51.294522,47.01726416,8.30711287,27,80
2026-06-05 15:10:56.294522,47.01717094,8.30713347,27,80
2026-06-05 15:11:01.294522,47.01707696,8.30716247,27,80
2026-06-05 15:11:06.294522,47.01697759,8.3071943,27,80
2026-06-05 15:11:11.294522,47.01688967,8.30724188,27,80
2026-06-05 15:11:16.294522,47.0167999,8.30727563,27,80
2026-06-05 15:11:21.294522,47.01670474,8.30729966,27,80
2026-06-05 15:11:26.294522,47.0166096,8.30733224,27,80
2026-06-05 15:11:31.294522,47.0165071,8.30735493,27,80
2026-06-05 15:11:36.294522,47.01643932,8.3074818,27,80
2026-06-05 15:11:41.294522,47.01640935,8.30761156,27,80
2026-06-05 15:11:46.294522,47.01635809,8.30774057,27,80
2026-06-05 15:11:51.294522,47.01632408,8.30788214,27.5,75
2026-06-05 15:11:56.294522,47.0162925,8.30800893,27.5,75
2026-06-05 15:12:01.294522,47.01625623,8.30813465,27.5,75
2026-06-05 15:12:06.294522,47.01622002,8.30826662,27.5,75
2026-06-05 15:12:11.294522,47.01616154,8.3083783,27.5,75
2026-06-05 15:12:16.294522,47.01614466,8.30851647,27.5,75
2026-06-05 15:12:21.294522,47.01610155,8.30865793,27.5,75
2026-06-05 15:12:26.294522,47.01608339,8.30878934,27.5,75
2026-06-05 15:12:31.294522,47.01604387,8.3089171,27.5,75
2026-06-05 15:12:36.294522,47.01599287,8.30902993,27.5,75
2026-06-05 15:12:41.294522,47.01593426,8.30915246,27.5,75
2026-06-05 15:12:46.294522,47.01583474,8.30919965,27.5,75
2026-06-05 15:12:51.294522,47.01574463,8.3092563,27.5,75
2026-06-05 15:12:56.294522,47.01565819,8.30930252,27.5,75
2026-06-05 15:13:01.294522,47.01557984,8.30937365,27.5,75
2026-06-05 15:13:06.294522,47.01548434,8.30942459,27.5,75
2026-06-05 15:13:11.294522,47.01538733,8.30946986,27.5,75
2026-06-05 15:13:16.294522,47.01529895,8.30951686,27.5,75
2026-06-05 15:13:21.294522,47.01525836,8.30963683,27.5,75
2026-06-05 15:13:26.294522,47.01516054,8.30965085,27.5,75
2026-06-05 15:13:31.294522,47.01507553,8.3097288,27.5,75
2026-06-05 15:13:36.294522,47.01508997,8.30986381,27.5,75
2026-06-05 15:13:41.294522,47.01511695,8.30999571,27.5,75
2026-06-05 15:13:46.294522,47.0151175,8.31013423,27.5,75
2026-06-05 15:13:51.294522,47.01509524,8.31027054,27.5,75
2026-06-05 15:13:56.294522,47.01508143,8.31042566,27.5,75
2026-06-05 15:14:01.294522,47.01507787,8.3105817,27.5,75
2026-06-05 15:14:06.294522,47.01506634,8.31071574,27.5,75
2026-06-05 15:14:11.294522,47.0150769,8.31085112,27.5,75
2026-06-05 15:14:16.294522,47.01508397,8.31099424,27.5,75
2026-06-05 15:14:21.294522,47.01499925,8.31107494,27.5,75
2026-06-05 15:14:26.294522,47.0149041,8.31111527,27.5,75
2026-06-05 15:14:31.294522,47.01481565,8.31114898,27.5,75
2026-06-05 15:14:36.294522,47.01471943,8.31119224,27.5,75
2026-06-05 15:14:41.294522,47.01461735,8.31120193,27.5,75
2026-06-05 15:14:46.294522,47.01451667,8.31120223,27.5,75
2026-06-05 15:14:51.294522,47.01441293,8.3112033,27.5,75
2026-06-05 15:14:56.294522,47.01431517,8.31122186,27.5,75
2026-06-05 15:15:01.294522,47.01424007,8.31132343,27.5,75
2026-06-05 15:15:06.294522,47.01414731,8.31137082,27.5,75
2026-06-05 15:15:11.294522,47.01404798,8.31138203,27.5,75
2026-06-05 15:15:16.294522,47.01396889,8.31145372,27.5,75
2026-06-05 15:15:21.294522,47.01388254,8.31150632,27.5,75
2026-06-05 15:15:26.294522,47.01379205,8.31157113,27.5,75
2026-06-05 15:15:31.294522,47.0137117,8.3116346,27.5,75
2026-06-05 15:15:36.294522,47.01366181,8.31176139,27.5,75
2026-06-05 15:15:41.294522,47.01363287,8.3118901,27.5,75
2026-06-05 15:15:46.294522,47.01363258,8.31203293,27.5,75
2026-06-05 15:15:51.294522,47.01362325,8.31216826,27.5,75
2026-06-05 15:15:56.294522,47.01363346,8.31232314,27.5,75
2026-06-05 15:16:01.294522,47.01361213,8.31246681,27.5,75
2026-06-05 15:16:06.294522,47.01361043,8.3126154,27.5,75
2026-06-05 15:16:11.294522,47.01364479,8.31274245,27.5,75
2026-06-05 15:16:16.294522,47.0136547,8.31287343,27.5,75
2026-06-05 15:16:21.294522,47.01365373,8.31301611,27.5,75
2026-06-05 15:16:26.294522,47.01367424,8.31314979,27.5,75
2026-06-05 15:16:31.294522,47.01366993,8.31328267,27.5,75
2026-06-05 15:16:36.294522,47.01370364,8.31341651,27.5,75
2026-06-05 15:16:41.294522,47.01370746,8.31355765,27.5,75
2026-06-05 15:16:46.294522,47.01369916,8.31369182,27.5,75
2026-06-05 15:16:51.294522,47.01371931,8.31382639,27.5,75
2026-06-05 15:16:56.294522,47.01367132,8.31393863,27.5,75
2026-06-05 15:17:01.294522,47.0136069,8.31403323,27.5,75
2026-06-05 15:17:06.294522,47.01355817,8.31416383,27.5,75
2026-06-05 15:17:11.294522,47.01352153,8.31429194,27.5,75
2026-06-05 15:17:16.294522,47.01347893,8.31442626,27.5,75
2026-06-05 15:17:21.294522,47.01344775,8.3145653,27.5,75
2026-06-05 15:17:26.294522,47.01341116,8.31469912,27.5,75
2026-06-05 15:17:31.294522,47.01335665,8.31482625,27.5,75
2026-06-05 15:17:36.294522,47.01331952,8.31495407,27.5,75
2026-06-05 15:17:41.294522,47.01336999,8.31508802,27.5,75
2026-06-05 15:17:46.294522,47.01341826,8.31521675,27.5,75
2026-06-05 15:17:51.294522,47.01345449,8.31534069,27.5,75
2026-06-05 15:17:56.294522,47.01343621,8.31548587,27.5,75
2026-06-05 15:18:01.294522,47.01338668,8.31559676,27.5,75
2026-06-05 15:18:06.294522,47.01331683,8.31568728,27.5,75
2026-06-05 15:18:11.294522,47.01326252,8.31579636,27.5,75
2026-06-05 15:18:16.294522,47.01319883,8.31589261,27.5,75
2026-06-05 15:18:21.294522,47.01326634,8.31598926,27.5,75
2026-06-05 15:18:26.294522,47.01335669,8.31598283,27.5,75
2026-06-05 15:18:31.294522,47.01343523,8.31589825,27.5,75
2026-06-05 15:18:36.294522,47.0135087,8.31582024,27.5,75
2026-06-05 15:18:41.294522,47.01358263,8.31573854,27.5,75
2026-06-05 15:18:46.294522,47.01365325,8.31563722,27.5,75
2026-06-05 15:18:51.294522,47.01372437,8.31555668,27.5,75
2026-06-05 15:18:56.294522,47.01377137,8.31544124,27.5,75
2026-06-05 15:19:01.294522,47.01379108,8.31530319,27.5,75
2026-06-05 15:19:06.294522,47.01381352,8.3151654,27.5,75
2026-06-05 15:19:11.294522,47.01387936,8.31507284,27.5,75
2026-06-05 15:19:16.294522,47.01395544,8.31514984,27.5,75
2026-06-05 15:19:21.294522,47.01394305,8.31528733,27.5,75
2026-06-05 15:19:26.294522,47.01392937,8.31542826,27.5,75
2026-06-05 15:19:31.294522,47.01393549,8.31556461,27.5,75
2026-06-05 15:19:36.294522,47.01394561,8.31570437,27.5,75
2026-06-05 15:19:41.294522,47.01398954,8.31583108,27.5,75
2026-06-05 15:19:46.294522,47.01402956,8.31596003,27.5,75
2026-06-05 15:19:51.294522,47.01407641,8.31607965,27.5,75
2026-06-05 14:02:07.158161,47.00022871,8.25810072,24,72
2026-06-05 14:02:12.158161,47.00028078,8.2582629,24,72
2026-06-05 14:02:17.158161,47.00030476,8.258292,24,72
2026-06-05 14:02:22.158161,47.00033415,8.25832642,24,72
2026-06-05 14:02:27.158161,47.00037079,8.25836399,24,72
2026-06-05 14:02:32.158161,47.00045831,8.25844336,24,72
2026-06-05 14:02:37.158161,47.00058681,8.25854609,24,72
2026-06-05 14:02:42.158161,47.00071595,8.2586907,24,72
2026-06-05 14:02:47.158161,47.00084529,8.2588697,24,72
2026-06-05 14:02:52.158161,47.00090381,8.25897754,24,72
2026-06-05 14:02:57.158161,47.00095449,8.25910177,24,72
2026-06-05 14:03:02.158161,47.00100076,8.25924173,24,72
2026-06-05 14:03:07.158161,47.00104812,8.25938686,24,72
2026-06-05 14:03:12.158161,47.0010991,8.2595326,24,72
2026-06-05 14:03:17.158161,47.00115506,8.25968037,24,72
2026-06-05 14:03:22.158161,47.00120636,8.25983026,24,72
2026-06-05 14:03:27.158161,47.00125603,8.25996684,24,72
2026-06-05 14:03:32.158161,47.00130241,8.26008939,24,72
2026-06-05 14:03:37.158161,47.00138355,8.26032244,24,72
2026-06-05 14:03:42.158161,47.00142351,8.26058816,24,72
2026-06-05 14:03:47.158161,47.00142405,8.2607331,24,72
2026-06-05 14:03:52.158161,47.00142023,8.26097269,24,72
2026-06-05 14:03:57.158161,47.00142384,8.26114973,24,72
2026-06-05 14:04:02.158161,47.00145207,8.2613086,24,72
2026-06-05 14:04:07.158161,47.00151529,8.26142099,24,72
2026-06-05 14:04:12.158161,47.00160354,8.26145481,24,72
2026-06-05 14:04:17.158161,47.00170908,8.26138478,24,72
2026-06-05 14:04:22.158161,47.00182225,8.26125648,24,72
2026-06-05 14:04:27.158161,47.00194906,8.26108943,24,72
2026-06-05 14:04:32.158161,47.00201688,8.26099866,24,72
2026-06-05 14:04:37.158161,47.00208522,8.26090606,24,72
2026-06-05 14:04:42.158161,47.00216004,8.26080358,24,72
2026-06-05 14:04:47.158161,47.002242,8.26068525,24,72
2026-06-05 14:04:52.158161,47.0023176,8.26057991,24,72
2026-06-05 14:04:57.158161,47.00239849,8.26047337,24,72
2026-06-05 14:05:02.158161,47.00247331,8.26038455,24,72
2026-06-05 14:05:07.158161,47.00261338,8.26023744,24,72
2026-06-05 14:05:12.158161,47.00277658,8.26017457,24,72
2026-06-05 14:05:17.158161,47.00286722,8.2601828,24,72
2026-06-05 14:05:22.158161,47.00296026,8.26019934,24,72
2026-06-05 14:05:27.158161,47.00305953,8.26021031,24,72
2026-06-05 14:05:32.158161,47.0031606,8.26021852,24,72
2026-06-05 14:05:37.158161,47.00326241,8.26022314,24,72
2026-06-05 14:05:42.158161,47.00337205,8.26023704,24,72
2026-06-05 14:05:47.158161,47.00346561,8.26025428,24,72
2026-06-05 14:05:52.158161,47.00362933,8.2602887,24,72
2026-06-05 14:05:57.158161,47.00378861,8.26037995,24,72
2026-06-05 14:06:02.158161,47.00392204,8.2605306,24,72
2026-06-05 14:06:07.158161,47.00402318,8.26075148,24,72
2026-06-05 14:06:12.158161,47.00406636,8.26086772,24,72
2026-06-05 14:06:17.158161,47.00411831,8.26106373,24,72
2026-06-05 14:06:22.158161,47.00412517,8.26122912,24,72
2026-06-05 14:06:27.158161,47.00406777,8.26139469,24,72
2026-06-05 14:06:32.158161,47.00396902,8.26160121,24,72
2026-06-05 14:06:37.158161,47.00389832,8.2618565,24,72
2026-06-05 14:06:42.158161,47.00386956,8.26199399,24,72
2026-06-05 14:06:47.158161,47.00385054,8.26213016,24,72
2026-06-05 14:06:52.158161,47.0038437,8.26227238,24,72
2026-06-05 14:06:57.158161,47.00384727,8.2624205,24,72
2026-06-05 14:07:02.158161,47.00385549,8.26256705,24,72
2026-06-05 14:07:07.158161,47.00386383,8.26270041,24,72
2026-06-05 14:07:12.158161,47.00388217,8.26292943,24,72
2026-06-05 14:07:17.158161,47.00386757,8.26312325,24,72
2026-06-05 14:07:22.158161,47.00376692,8.26328319,24,72
2026-06-05 14:07:27.158161,47.00368522,8.26335276,24,72
2026-06-05 14:07:32.158161,47.00360404,8.26341239,24,72
2026-06-05 14:07:37.158161,47.00348914,8.26354308,24,72
2026-06-05 14:07:42.158161,47.00346347,8.2637544,24,72
2026-06-05 14:07:47.158161,47.00352692,8.26398889,24,72
2026-06-05 14:07:52.158161,47.00363806,8.26415457,24,72
2026-06-05 14:07:57.158161,47.00373664,8.26430982,24,72
2026-06-05 14:08:02.158161,47.0038287,8.2644703,24,72
2026-06-05 14:08:07.158161,47.00393375,8.26461431,24,72
2026-06-05 14:08:12.158161,47.00404332,8.26477485,24,72
2026-06-05 14:08:17.158161,47.0041594,8.26493425,24,72
2026-06-05 14:08:22.158161,47.0042755,8.26508587,24,72
2026-06-05 14:08:27.158161,47.00439333,8.26524857,24,72
2026-06-05 14:08:32.158161,47.00445499,8.26534936,24,72
2026-06-05 14:08:37.158161,47.00451607,8.26546141,24,72
2026-06-05 14:08:42.158161,47.00457877,8.26557489,24,72
2026-06-05 14:08:47.158161,47.00463986,8.2656786,24,72
2026-06-05 14:08:52.158161,47.00474291,8.26587219,24,72
2026-06-05 14:08:57.158161,47.00480835,8.26610477,24,72
2026-06-05 14:09:02.158161,47.0048061,8.26634168,24,72
2026-06-05 14:09:07.158161,47.00475038,8.26656384,24,72
2026-06-05 14:09:12.158161,47.0047467,8.26675753,24,72
2026-06-05 14:09:17.158161,47.0048343,8.26687939,24,72
2026-06-05 14:09:22.158161,47.00497118,8.26692518,24,72
2026-06-05 14:09:27.158161,47.0051186,8.26698699,24,72
2026-06-05 14:09:32.158161,47.00527957,8.26706864,24,72
2026-06-05 14:09:37.158161,47.00536647,8.26711179,24,72
2026-06-05 14:09:42.158161,47.00553011,8.26719896,24,72
2026-06-05 14:09:47.158161,47.00561432,8.26726009,24,72
2026-06-05 14:09:52.158161,47.00569679,8.26732973,24,72
2026-06-05 14:09:57.158161,47.00576722,8.26741292,24,72
2026-06-05 14:10:02.158161,47.00588203,8.26760905,24,72
2026-06-05 14:10:07.158161,47.0059276,8.26772293,24,72
2026-06-05 14:10:12.158161,47.00596916,8.2678402,24,72
2026-06-05 14:10:17.158161,47.00601186,8.2679777,24,72
2026-06-05 14:10:22.158161,47.00604792,8.26812145,24,72
2026-06-05 14:10:27.158161,47.0060782,8.26828136,24,72
2026-06-05 14:10:32.158161,47.00610874,8.26843455,24,72
2026-06-05 14:10:37.158161,47.00613661,8.2685915,24,72
2026-06-05 14:10:42.158161,47.00616066,8.26874267,24,72
2026-06-05 14:10:47.158161,47.00617991,8.26889628,24,72
2026-06-05 14:10:52.158161,47.00618907,8.2690582,24,72
2026-06-05 14:10:57.158161,47.00619028,8.26922274,24,72
2026-06-05 14:11:02.158161,47.00618693,8.26937948,24,72
2026-06-05 14:11:07.158161,47.00619047,8.26954182,24,72
2026-06-05 14:11:12.158161,47.00619511,8.26971994,24,72
2026-06-05 14:11:17.158161,47.00620396,8.26990472,24,72
2026-06-05 14:11:22.158161,47.006209,8.27008702,24,72
2026-06-05 14:11:27.158161,47.00621344,8.27027072,24,72
2026-06-05 14:11:32.158161,47.00621988,8.27044262,24,72
2026-06-05 14:11:37.158161,47.00622954,8.27061508,24,72
2026-06-05 14:11:42.158161,47.0062411,8.27078363,24,72
2026-06-05 14:11:47.158161,47.00625249,8.27092852,24,72
2026-06-05 14:11:52.158161,47.00626458,8.2710729,24,72
2026-06-05 14:11:57.158161,47.0062691,8.27132582,24,72
2026-06-05 14:12:02.158161,47.00626077,8.27145732,24,72
2026-06-05 14:12:07.158161,47.00624034,8.27158577,24,72
2026-06-05 14:12:12.158161,47.0062235,8.27171542,24,72
2026-06-05 14:12:17.158161,47.00622424,8.27192727,24,72
2026-06-05 14:12:22.158161,47.00631666,8.27206518,24,72
2026-06-05 14:12:27.158161,47.00643851,8.27204033,24,72
2026-06-05 14:12:32.158161,47.00657546,8.27183218,24,72
2026-06-05 14:12:37.158161,47.00662289,8.27171513,24,72
2026-06-05 14:12:42.158161,47.00669785,8.27148819,24,72
2026-06-05 14:12:47.158161,47.00675993,8.27130491,24,72
2026-06-05 14:12:52.158161,47.00681567,8.2711894,24,72
2026-06-05 14:12:57.158161,47.00693372,8.27116738,24,72
2026-06-05 14:13:02.158161,47.00702576,8.27123461,24,72
2026-06-05 14:13:07.158161,47.00712974,8.27123018,24,72
2026-06-05 14:13:12.158161,47.00722062,8.27118108,24,72
2026-06-05 14:13:17.158161,47.00732576,8.27113521,24,72
2026-06-05 14:13:22.158161,47.00742248,8.27106795,24,72
2026-06-05 14:13:27.158161,47.00751979,8.27099985,24,72
2026-06-05 14:13:32.158161,47.00761734,8.27092633,24,72
2026-06-05 14:13:37.158161,47.00769657,8.27085368,24,72
2026-06-05 14:13:42.158161,47.00779786,8.27072621,24,72
2026-06-05 14:13:47.158161,47.00789136,8.27059822,24,72
2026-06-05 14:13:52.158161,47.00798931,8.27050584,24,72
2026-06-05 14:13:57.158161,47.00807862,8.27042745,24,72
2026-06-05 14:14:02.158161,47.00816756,8.2703318,24,72
2026-06-05 14:14:07.158161,47.00825598,8.27024117,24,72
2026-06-05 14:14:12.158161,47.00834381,8.27012914,24,72
2026-06-05 14:14:17.158161,47.00843309,8.27001052,24,72
2026-06-05 14:14:22.158161,47.00853721,8.26987208,24,72
2026-06-05 14:14:27.158161,47.00862969,8.26975738,24,72
2026-06-05 14:14:32.158161,47.008719,8.26965368,24,72
2026-06-05 14:14:37.158161,47.00883615,8.26955784,24,72
2026-06-05 14:14:42.158161,47.00892215,8.26945565,24,72
2026-06-05 14:14:47.158161,47.00901314,8.26937332,24,72
2026-06-05 14:14:52.158161,47.00910682,8.26931183,24,72
2026-06-05 14:14:57.158161,47.00921009,8.26922201,24,72
2026-06-05 14:15:02.158161,47.00930462,8.26914412,24,72
2026-06-05 14:15:07.158161,47.00937381,8.2690495,24,72
2026-06-05 14:15:12.158161,47.00946561,8.26899015,24,72
2026-06-05 14:15:17.158161,47.00956548,8.26890344,24,72
2026-06-05 14:15:22.158161,47.00965769,8.26882532,24,72
2026-06-05 14:15:27.158161,47.00975843,8.26872358,24,72
2026-06-05 14:15:32.158161,47.00983227,8.26862436,24,72
2026-06-05 14:15:37.158161,47.00990258,8.26852368,24,72
2026-06-05 14:15:42.158161,47.00997437,8.26843758,24,72
2026-06-05 14:15:47.158161,47.01005811,8.26832558,24,72
2026-06-05 14:15:52.158161,47.01014289,8.26823217,24,72
2026-06-05 14:15:57.158161,47.01023927,8.26814533,24,72
2026-06-05 14:16:02.158161,47.01032255,8.26808799,24,72
2026-06-05 14:16:07.158161,47.01041954,8.26799849,24,72
2026-06-05 14:16:12.158161,47.01050729,8.2679277,24,72
2026-06-05 14:16:17.158161,47.01059621,8.26786841,24,72
2026-06-05 14:16:22.158161,47.01068952,8.26778478,24,72
2026-06-05 14:16:27.158161,47.01077791,8.26770451,24,72
2026-06-05 14:16:32.158161,47.01085527,8.26763416,24,72
2026-06-05 14:16:37.158161,47.01093102,8.26753711,24,72
2026-06-05 14:16:42.158161,47.01102394,8.26748496,24,72
2026-06-05 14:16:47.158161,47.01111925,8.26741258,24,72
2026-06-05 14:16:52.158161,47.01118802,8.26730654,24,72
2026-06-05 14:16:57.158161,47.0112601,8.2671774,24,72
2026-06-05 14:17:02.158161,47.01130976,8.26703058,24,72
2026-06-05 14:17:07.158161,47.01134696,8.26690396,24,72
2026-06-05 14:17:12.158161,47.0113809,8.26676097,24,72
2026-06-05 14:17:17.158161,47.01142006,8.26659743,24,72
2026-06-05 14:17:22.158161,47.01143025,8.26643613,24,72
2026-06-05 14:17:27.158161,47.01142793,8.26630091,24,72
2026-06-05 14:17:32.158161,47.01142524,8.266145,24,72
2026-06-05 14:17:37.158161,47.01150895,8.26605051,24,72
2026-06-05 14:17:42.158161,47.01161477,8.26604273,24,72
2026-06-05 14:17:47.158161,47.01170169,8.26611698,24,72
2026-06-05 14:17:52.158161,47.01179716,8.26615166,24,72
2026-06-05 14:17:57.158161,47.0118773,8.26604583,24,72
2026-06-05 14:18:02.158161,47.01196491,8.26593034,24,72
2026-06-05 14:18:07.158161,47.01206226,8.26580598,24,72
2026-06-05 14:18:12.158161,47.01216936,8.26574677,24,72
2026-06-05 14:18:17.158161,47.01227796,8.26566858,24,72
2026-06-05 14:18:22.158161,47.01237813,8.26555385,24,72
2026-06-05 14:18:27.158161,47.01247968,8.26543591,24,72
2026-06-05 14:18:32.158161,47.01257774,8.26532423,24,72
2026-06-05 14:18:37.158161,47.01266442,8.2652184,24,72
2026-06-05 14:18:42.158161,47.0127463,8.26511407,25,70
2026-06-05 14:18:47.158161,47.0128192,8.26499635,25,70
2026-06-05 14:18:52.158161,47.01287894,8.26489287,25,70
2026-06-05 14:18:57.158161,47.0129743,8.26481988,25,70
2026-06-05 14:19:02.158161,47.01306078,8.26474246,25,70
2026-06-05 14:19:07.158161,47.01314058,8.26466398,25,70
2026-06-05 14:19:12.158161,47.0132134,8.2645614,25,70
2026-06-05 14:19:17.158161,47.01328749,8.264475,25,70
2026-06-05 14:19:22.158161,47.01335745,8.26438088,25,70
2026-06-05 14:19:27.158161,47.01341917,8.26426014,25,70
2026-06-05 14:19:32.158161,47.01349951,8.2641341,25,70
2026-06-05 14:19:37.158161,47.01354758,8.26399869,25,70
2026-06-05 14:19:42.158161,47.01355701,8.26384182,25,70
2026-06-05 14:19:47.158161,47.01356274,8.26369046,25,70
2026-06-05 14:19:52.158161,47.01356467,8.26355071,25,70
2026-06-05 14:19:57.158161,47.0135786,8.2634039,25,70
2026-06-05 14:20:02.158161,47.01358856,8.26326586,25,70
2026-06-05 14:20:07.158161,47.01361053,8.26313603,25,70
2026-06-05 14:20:12.158161,47.01363036,8.26299403,25,70
2026-06-05 14:20:17.158161,47.01365856,8.26285973,25,70
2026-06-05 14:20:22.158161,47.01369302,8.26272838,25,70
2026-06-05 14:20:27.158161,47.0137374,8.26260158,25,70
2026-06-05 14:20:32.158161,47.01375364,8.26247101,25,70
2026-06-05 14:20:37.158161,47.01378627,8.26232905,25,70
2026-06-05 14:20:42.158161,47.0138053,8.26219359,25,70
2026-06-05 14:20:47.158161,47.01383814,8.26203348,25,70
2026-06-05 14:20:52.158161,47.01388516,8.26188112,25,70
2026-06-05 14:20:57.158161,47.01394672,8.26173403,25,70
2026-06-05 14:21:02.158161,47.0140118,8.26160564,25,70
2026-06-05 14:21:07.158161,47.01410312,8.26143629,25,70
2026-06-05 14:21:12.158161,47.0141877,8.26128262,25,70
2026-06-05 14:21:17.158161,47.01425195,8.26114406,25,70
2026-06-05 14:21:22.158161,47.01430434,8.26098332,25,70
2026-06-05 14:21:27.158161,47.01434632,8.26083522,25,70
2026-06-05 14:21:32.158161,47.01443142,8.26070788,25,70
2026-06-05 14:21:37.158161,47.01454553,8.26063549,25,70
2026-06-05 14:21:42.158161,47.01464142,8.26060906,25,70
2026-06-05 14:21:47.158161,47.01475116,8.26059024,25,70
2026-06-05 14:21:52.158161,47.01486162,8.2605629,25,70
2026-06-05 14:21:57.158161,47.01495784,8.26052689,25,70
2026-06-05 14:22:02.158161,47.01506862,8.26045868,25,70
2026-06-05 14:22:07.158161,47.01517711,8.26035935,25,70
2026-06-05 14:22:12.158161,47.0152548,8.26028754,25,70
2026-06-05 14:22:17.158161,47.01539002,8.26016523,25,70
2026-06-05 14:22:22.158161,47.0155057,8.26008637,25,70
2026-06-05 14:22:27.158161,47.01561819,8.26000883,25,70
2026-06-05 14:22:32.158161,47.01572445,8.25995245,25,70
2026-06-05 14:22:37.158161,47.0158373,8.25989185,25,70
2026-06-05 14:22:42.158161,47.0159425,8.25983192,25,70
2026-06-05 14:22:47.158161,47.01604679,8.2597722,25,70
2026-06-05 14:22:52.158161,47.01610437,8.2596707,25,70
2026-06-05 14:22:57.158161,47.01612327,8.25953289,25,70
2026-06-05 14:23:02.158161,47.01611949,8.25938793,25,70
2026-06-05 14:23:07.158161,47.01611923,8.2592549,25,70
2026-06-05 14:23:12.158161,47.0161208,8.25909685,25,70
2026-06-05 14:23:17.158161,47.01613566,8.25895919,25,70
2026-06-05 14:23:22.158161,47.01612655,8.25882758,25,70
2026-06-05 14:23:27.158161,47.01614875,8.25868246,25,70
2026-06-05 14:23:32.158161,47.01622602,8.25854897,25,70
2026-06-05 14:23:37.158161,47.01632596,8.2584592,25,70
2026-06-05 14:23:42.158161,47.01639109,8.25836029,25,70
2026-06-05 14:23:47.158161,47.01648845,8.25838707,25,70
2026-06-05 14:23:52.158161,47.01658216,8.25841874,25,70
2026-06-05 14:23:57.158161,47.01667637,8.25849524,25,70
2026-06-05 14:24:02.158161,47.01675329,8.25861457,25,70
2026-06-05 14:24:07.158161,47.01681911,8.25870745,25,70
2026-06-05 14:24:12.158161,47.01686066,8.25882711,25,70
2026-06-05 14:24:17.158161,47.01690309,8.25894934,25,70
2026-06-05 14:24:22.158161,47.01698182,8.25906976,25,70
2026-06-05 14:24:27.158161,47.01708048,8.25910077,25,70
2026-06-05 14:24:32.158161,47.01716506,8.25915161,25,70
2026-06-05 14:24:37.158161,47.01724696,8.25922823,25,70
2026-06-05 14:24:42.158161,47.01733886,8.25931206,25,70
2026-06-05 14:24:47.158161,47.01741469,8.25941616,25,70
2026-06-05 14:24:52.158161,47.01745655,8.25953337,25,70
2026-06-05 14:24:57.158161,47.01747706,8.2596859,25,70
2026-06-05 14:25:02.158161,47.01751874,8.25983658,25,70
2026-06-05 14:25:07.158161,47.01759643,8.25998398,25,70
2026-06-05 14:25:12.158161,47.01766255,8.2601366,25,70
2026-06-05 14:25:17.158161,47.01772747,8.26026121,25,70
2026-06-05 14:25:22.158161,47.01779479,8.26039504,25,70
2026-06-05 14:25:27.158161,47.0178519,8.26051319,25,70
2026-06-05 14:25:32.158161,47.01790575,8.26062302,25,70
2026-06-05 14:25:37.158161,47.01797587,8.26073823,25,70
2026-06-05 14:25:42.158161,47.01806491,8.26081208,25,70
2026-06-05 14:25:47.158161,47.01815564,8.26089078,25,70
2026-06-05 14:25:52.158161,47.01824641,8.26099764,25,70
2026-06-05 14:25:57.158161,47.01832804,8.26110554,25,70
2026-06-05 14:26:02.158161,47.01838603,8.26122129,25,70
2026-06-05 14:26:07.158161,47.01839038,8.26136648,25,70
2026-06-05 14:26:12.158161,47.01840725,8.26149804,25,70
2026-06-05 14:26:17.158161,47.01839659,8.26164496,25,70
2026-06-05 14:26:22.158161,47.01844317,8.26177807,25,70
2026-06-05 14:26:27.158161,47.0184776,8.26193558,25,70
2026-06-05 14:26:32.158161,47.01852866,8.26208309,25,70
2026-06-05 14:26:37.158161,47.01859086,8.26222564,25,70
2026-06-05 14:26:42.158161,47.01863346,8.2623463,25,70
2026-06-05 14:26:47.158161,47.01868073,8.26249385,25,70
2026-06-05 14:26:52.158161,47.01864385,8.26266045,25,70
2026-06-05 14:26:57.158161,47.01862135,8.26283116,25,70
2026-06-05 14:27:02.158161,47.01859442,8.26299904,25,70
2026-06-05 14:27:07.158161,47.01860156,8.2631818,25,70
2026-06-05 14:27:12.158161,47.01863355,8.26336295,25,70
2026-06-05 14:27:17.158161,47.01866341,8.26352704,25,70
2026-06-05 14:27:22.158161,47.01867224,8.26368007,25,70
2026-06-05 14:27:27.158161,47.01862392,8.26383223,25,70
2026-06-05 14:27:32.158161,47.01852336,8.26397353,25,70
2026-06-05 14:27:37.158161,47.0184204,8.26413511,25,70
2026-06-05 14:27:42.158161,47.01836067,8.2643592,25,70
2026-06-05 14:27:47.158161,47.01834479,8.2644922,25,70
2026-06-05 14:27:52.158161,47.01833607,8.26463283,25,70
2026-06-05 14:27:57.158161,47.01833134,8.26477832,25,70
2026-06-05 14:28:02.158161,47.01832985,8.26492379,25,70
2026-06-05 14:28:07.158161,47.01832714,8.26505951,25,70
2026-06-05 14:28:12.158161,47.01830679,8.26531304,25,70
2026-06-05 14:28:17.158161,47.01827692,8.26553737,25,70
2026-06-05 14:28:22.158161,47.01824085,8.26575373,25,70
2026-06-05 14:28:27.158161,47.01817781,8.26598133,25,70
2026-06-05 14:28:32.158161,47.01812522,8.26620561,25,70
2026-06-05 14:28:37.158161,47.01813589,8.2664184,25,70
2026-06-05 14:28:42.158161,47.01820403,8.26660109,25,70
2026-06-05 14:28:47.158161,47.01825124,8.26676952,25,70
2026-06-05 14:28:52.158161,47.01825289,8.26694001,25,70
2026-06-05 14:28:57.158161,47.01822733,8.26712138,25,70
2026-06-05 14:29:02.158161,47.0181697,8.26732226,25,70
2026-06-05 14:29:07.158161,47.01812475,8.26749778,25,70
2026-06-05 14:29:12.158161,47.01814741,8.26768609,25,70
2026-06-05 14:29:17.158161,47.01818095,8.26786293,25,70
2026-06-05 14:29:22.158161,47.01815605,8.26805498,25,70
2026-06-05 14:29:27.158161,47.01809299,8.26822452,25,70
2026-06-05 14:29:32.158161,47.0180411,8.26838285,25,70
2026-06-05 14:29:37.158161,47.01799381,8.26853492,25,70
2026-06-05 14:29:42.158161,47.01795441,8.26867412,25,70
2026-06-05 14:29:47.158161,47.01791474,8.26880617,25,70
2026-06-05 14:29:52.158161,47.01787864,8.26893574,25,70
2026-06-05 14:29:57.158161,47.01780509,8.26909975,25,70
2026-06-05 14:30:02.158161,47.01771974,8.26924559,25,70
2026-06-05 14:30:07.158161,47.01764263,8.26939026,25,70
2026-06-05 14:30:12.158161,47.01758001,8.26949039,25,70
2026-06-05 14:30:17.158161,47.01751169,8.26959473,25,70
2026-06-05 14:30:22.158161,47.01743786,8.26971586,25,70
2026-06-05 14:30:27.158161,47.01736362,8.26984241,25,70
2026-06-05 14:30:32.158161,47.01727119,8.26996086,25,70
2026-06-05 14:30:37.158161,47.01718393,8.27008653,25,70
2026-06-05 14:30:42.158161,47.01710212,8.27022159,25,70
2026-06-05 14:30:47.158161,47.01701438,8.27034531,25,70
2026-06-05 14:30:52.158161,47.01691526,8.2704498,25,70
2026-06-05 14:30:57.158161,47.01680111,8.27049213,25,70
2026-06-05 14:31:02.158161,47.01668515,8.27043338,25,70
2026-06-05 14:31:07.158161,47.01662095,8.27025852,25,70
2026-06-05 14:31:12.158161,47.01656054,8.27005877,25,70
2026-06-05 14:31:17.158161,47.01649294,8.26990444,25,70
2026-06-05 14:31:22.158161,47.01639822,8.26977039,25,70
2026-06-05 14:31:27.158161,47.0162875,8.26965283,25,70
2026-06-05 14:31:32.158161,47.01616151,8.26963839,25,70
2026-06-05 14:31:37.158161,47.01603911,8.26978189,25,70
2026-06-05 14:31:42.158161,47.01601225,8.26995595,25,70
2026-06-05 14:31:47.158161,47.01600648,8.27009309,25,70
2026-06-05 14:31:52.158161,47.01601712,8.27026094,25,70
2026-06-05 14:31:57.158161,47.01600343,8.27040509,25,70
2026-06-05 14:32:02.158161,47.01595138,8.27053004,25,70
2026-06-05 14:32:07.158161,47.01588849,8.27066512,25,70
2026-06-05 14:32:12.158161,47.015828,8.27078494,25,70
2026-06-05 14:32:17.158161,47.01580223,8.27092822,25,70
2026-06-05 14:32:22.158161,47.0157653,8.27106548,25,70
2026-06-05 14:32:27.158161,47.01574649,8.27122173,25,70
2026-06-05 14:32:32.158161,47.01569533,8.27133436,25,70
2026-06-05 14:32:37.158161,47.01564299,8.27145516,25,70
2026-06-05 14:32:42.158161,47.01557286,8.27157406,25,70
2026-06-05 14:32:47.158161,47.01550859,8.27168612,25,70
2026-06-05 14:32:52.158161,47.015451,8.27179988,25,70
2026-06-05 14:32:57.158161,47.01536372,8.27193483,25,70
2026-06-05 14:33:02.158161,47.01525958,8.27208149,25,70
2026-06-05 14:33:07.158161,47.01521321,8.27219818,25,70
2026-06-05 14:33:12.158161,47.01519645,8.27233754,25,70
2026-06-05 14:33:17.158161,47.01519601,8.27251013,25,70
2026-06-05 14:33:22.158161,47.01520676,8.27266089,25,70
2026-06-05 14:33:27.158161,47.01518901,8.27280324,25,70
2026-06-05 14:33:32.158161,47.01513525,8.272938,25,70
2026-06-05 14:33:37.158161,47.01507292,8.27305782,25,70
2026-06-05 14:33:42.158161,47.01501559,8.27317804,25,70
2026-06-05 14:33:47.158161,47.01495859,8.27329576,25,70
2026-06-05 14:33:52.158161,47.01490122,8.27340914,25,70
2026-06-05 14:33:57.158161,47.01485505,8.27353102,25,70
2026-06-05 14:34:02.158161,47.0148247,8.27366568,25,70
2026-06-05 14:34:07.158161,47.01482228,8.27381642,25,70
2026-06-05 14:34:12.158161,47.01483893,8.27396127,25,70
2026-06-05 14:34:17.158161,47.0148643,8.2741078,25,70
2026-06-05 14:34:22.158161,47.0148904,8.27425153,25,70
2026-06-05 14:34:27.158161,47.01491123,8.27439025,25,70
2026-06-05 14:34:32.158161,47.01493367,8.27452981,25,70
2026-06-05 14:34:37.158161,47.01496423,8.27467288,25,70
2026-06-05 14:34:42.158161,47.01499667,8.27480752,25,70
2026-06-05 14:34:47.158161,47.01503928,8.27494976,25,70
2026-06-05 14:34:52.158161,47.0150818,8.27511546,25,70
2026-06-05 14:34:57.158161,47.01514453,8.27538293,25,70
2026-06-05 14:35:02.158161,47.01516755,8.27551928,25,70
2026-06-05 14:35:07.158161,47.01518264,8.27566907,26.5,65
2026-06-05 14:35:12.158161,47.01518516,8.27582077,26.5,65
2026-06-05 14:35:17.158161,47.01516991,8.27597793,26.5,65
2026-06-05 14:35:22.158161,47.01516365,8.27614105,26.5,65
2026-06-05 14:35:27.158161,47.01517904,8.27630251,26.5,65
2026-06-05 14:35:32.158161,47.01521981,8.27645968,26.5,65
2026-06-05 14:35:37.158161,47.01527519,8.2766055,26.5,65
2026-06-05 14:35:42.158161,47.0153318,8.27673699,26.5,65
2026-06-05 14:35:47.158161,47.01538227,8.27686327,26.5,65
2026-06-05 14:35:52.158161,47.01542616,8.27698482,26.5,65
2026-06-05 14:35:57.158161,47.01546327,8.27711564,26.5,65
2026-06-05 14:36:02.158161,47.01549273,8.27726436,26.5,65
2026-06-05 14:36:07.158161,47.01551182,8.27742298,26.5,65
2026-06-05 14:36:12.158161,47.0155211,8.27757693,26.5,65
2026-06-05 14:36:17.158161,47.015526,8.27771057,26.5,65
2026-06-05 14:36:22.158161,47.01552181,8.2778442,26.5,65
2026-06-05 14:36:27.158161,47.01550021,8.2779923,26.5,65
2026-06-05 14:36:32.158161,47.01546407,8.27814161,26.5,65
2026-06-05 14:36:37.158161,47.01542673,8.27830063,26.5,65
2026-06-05 14:36:42.158161,47.01539282,8.27847594,26.5,65
2026-06-05 14:36:47.158161,47.01536589,8.27863906,26.5,65
2026-06-05 14:36:52.158161,47.01533883,8.27879167,26.5,65
2026-06-05 14:36:57.158161,47.01531341,8.27893392,26.5,65
2026-06-05 14:37:02.158161,47.0152718,8.27917263,26.5,65
2026-06-05 14:37:07.158161,47.01520472,8.27936316,26.5,65
2026-06-05 14:37:12.158161,47.01507355,8.27947314,26.5,65
2026-06-05 14:37:17.158161,47.01494637,8.27951595,26.5,65
2026-06-05 14:37:22.158161,47.01487275,8.27962276,26.5,65
2026-06-05 14:37:27.158161,47.01489901,8.2797948,26.5,65
2026-06-05 14:37:32.158161,47.01495536,8.2799527,26.5,65
2026-06-05 14:37:37.158161,47.01498144,8.2801136,26.5,65
2026-06-05 14:37:42.158161,47.01499422,8.28033281,26.5,65
2026-06-05 14:37:47.158161,47.01493333,8.28061566,26.5,65
2026-06-05 14:37:52.158161,47.01488161,8.28074759,26.5,65
2026-06-05 14:37:57.158161,47.01482976,8.28087897,26.5,65
2026-06-05 14:38:02.158161,47.01477928,8.28099957,26.5,65
2026-06-05 14:38:07.158161,47.01468193,8.28120989,26.5,65
2026-06-05 14:38:12.158161,47.01460112,8.28142414,26.5,65
2026-06-05 14:38:17.158161,47.01457439,8.28163051,26.5,65
2026-06-05 14:38:22.158161,47.01465026,8.2818701,26.5,65
2026-06-05 14:38:27.158161,47.01471214,8.28198584,26.5,65
2026-06-05 14:38:32.158161,47.01476833,8.28209645,26.5,65
2026-06-05 14:38:37.158161,47.01486288,8.28228083,26.5,65
2026-06-05 14:38:42.158161,47.0149931,8.28241606,26.5,65
2026-06-05 14:38:47.158161,47.01508637,8.28243068,26.5,65
2026-06-05 14:38:52.158161,47.01518368,8.28240625,26.5,65
2026-06-05 14:38:57.158161,47.01527152,8.28234396,26.5,65
2026-06-05 14:39:02.158161,47.01535466,8.28224028,26.5,65
2026-06-05 14:39:07.158161,47.0154212,8.28212785,26.5,65
2026-06-05 14:39:12.158161,47.01548662,8.28202499,26.5,65
2026-06-05 14:39:17.158161,47.01555129,8.28192109,26.5,65
2026-06-05 14:39:22.158161,47.01560913,8.28181378,26.5,65
2026-06-05 14:39:27.158161,47.01565552,8.28169608,26.5,65
2026-06-05 14:39:32.158161,47.01569138,8.28156577,26.5,65
2026-06-05 14:39:37.158161,47.01572284,8.28143069,26.5,65
2026-06-05 14:39:42.158161,47.01575658,8.28129627,26.5,65
2026-06-05 14:39:47.158161,47.0157925,8.28116868,26.5,65
2026-06-05 14:39:52.158161,47.01585536,8.28093946,26.5,65
2026-06-05 14:39:57.158161,47.01592013,8.28072375,26.5,65
2026-06-05 14:40:02.158161,47.01601171,8.28049037,26.5,65
2026-06-05 14:40:07.158161,47.0160645,8.2803784,26.5,65
2026-06-05 14:40:12.158161,47.01614776,8.28025023,26.5,65
2026-06-05 14:40:17.158161,47.01623956,8.28011419,26.5,65
2026-06-05 14:40:22.158161,47.0163337,8.27997246,26.5,65
2026-06-05 14:40:27.158161,47.01642632,8.27982894,26.5,65
2026-06-05 14:40:32.158161,47.01651636,8.27968878,26.5,65
2026-06-05 14:40:37.158161,47.01660181,8.27955543,26.5,65
2026-06-05 14:40:42.158161,47.01667679,8.27943528,26.5,65
2026-06-05 14:40:47.158161,47.01674216,8.27932999,26.5,65
2026-06-05 14:40:52.158161,47.01684575,8.27916102,26.5,65
2026-06-05 14:40:57.158161,47.01692493,8.27905311,26.5,65
2026-06-05 14:41:02.158161,47.01703394,8.2790378,26.5,65
2026-06-05 14:41:07.158161,47.01715178,8.27913994,26.5,65
2026-06-05 14:41:12.158161,47.01723463,8.27924142,26.5,65
2026-06-05 14:41:17.158161,47.01732887,8.27934911,26.5,65
2026-06-05 14:41:22.158161,47.01741193,8.27944543,26.5,65
2026-06-05 14:41:27.158161,47.01748739,8.27953995,26.5,65
2026-06-05 14:41:32.158161,47.01755366,8.27964971,26.5,65
2026-06-05 14:41:37.158161,47.0176092,8.27977697,26.5,65
2026-06-05 14:41:42.158161,47.01766426,8.27991951,26.5,65
2026-06-05 14:41:47.158161,47.01768808,8.28004964,26.5,65
2026-06-05 14:41:52.158161,47.01769578,8.28018454,26.5,65
2026-06-05 14:41:57.158161,47.01768144,8.28032886,26.5,65
2026-06-05 14:42:02.158161,47.01765861,8.28049399,26.5,65
2026-06-05 14:42:07.158161,47.01765732,8.28065158,26.5,65
2026-06-05 14:42:12.158161,47.01771091,8.28078052,26.5,65
2026-06-05 14:42:17.158161,47.01778717,8.28088402,26.5,65
2026-06-05 14:42:22.158161,47.01788121,8.2809987,26.5,65
2026-06-05 14:42:27.158161,47.01801276,8.28114065,26.5,65
2026-06-05 14:42:32.158161,47.01808801,8.28121769,26.5,65
2026-06-05 14:42:37.158161,47.01816958,8.28129852,26.5,65
2026-06-05 14:42:42.158161,47.01824874,8.28137841,26.5,65
2026-06-05 14:42:47.158161,47.01832756,8.28144975,26.5,65
2026-06-05 14:42:52.158161,47.0184686,8.28156032,26.5,65
2026-06-05 14:42:57.158161,47.01856986,8.28164691,26.5,65
2026-06-05 14:43:02.158161,47.01864664,8.28172584,26.5,65
2026-06-05 14:43:07.158161,47.01876346,8.28168448,26.5,65
2026-06-05 14:43:12.158161,47.01885724,8.28161926,26.5,65
2026-06-05 14:43:17.158161,47.01897409,8.28151476,26.5,65
2026-06-05 14:43:22.158161,47.01910335,8.28137358,26.5,65
2026-06-05 14:43:27.158161,47.01922912,8.28125551,26.5,65
2026-06-05 14:43:32.158161,47.01935939,8.28116371,26.5,65
2026-06-05 14:43:37.158161,47.01948254,8.28108189,26.5,65
2026-06-05 14:43:42.158161,47.01960695,8.28092985,26.5,65
2026-06-05 14:43:47.158161,47.01967374,8.2808334,26.5,65
2026-06-05 14:43:52.158161,47.01973925,8.28074066,26.5,65
2026-06-05 14:43:57.158161,47.01987027,8.28059994,26.5,65
2026-06-05 14:44:02.158161,47.02001101,8.28053181,26.5,65
2026-06-05 14:44:07.158161,47.02016872,8.28047769,26.5,65
2026-06-05 14:44:12.158161,47.0203361,8.2804471,26.5,65
2026-06-05 14:44:17.158161,47.02051116,8.28044467,26.5,65
2026-06-05 14:44:22.158161,47.02068859,8.280439,26.5,65
2026-06-05 14:44:27.158161,47.02086449,8.2804223,26.5,65
2026-06-05 14:44:32.158161,47.02102682,8.28033912,26.5,65
2026-06-05 14:44:37.158161,47.02117948,8.28026781,26.5,65
2026-06-05 14:44:42.158161,47.02132777,8.28025251,26.5,65
2026-06-05 14:44:47.158161,47.02148262,8.28029003,26.5,65
2026-06-05 14:44:52.158161,47.02163976,8.28039888,26.5,65
2026-06-05 14:44:57.158161,47.02171571,8.28049229,26.5,65
2026-06-05 14:45:02.158161,47.02179593,8.28059291,26.5,65
2026-06-05 14:45:07.158161,47.02187437,8.28068806,26.5,65
2026-06-05 14:45:12.158161,47.02194554,8.28078675,26.5,65
2026-06-05 14:45:17.158161,47.02200308,8.28088906,26.5,65
2026-06-05 14:45:22.158161,47.02209402,8.28108142,26.5,65
2026-06-05 14:45:27.158161,47.0221502,8.28119972,26.5,65
2026-06-05 14:45:32.158161,47.0222505,8.28124238,26.5,65
2026-06-05 14:45:37.158161,47.02221318,8.28109387,26.5,65
2026-06-05 14:45:42.158161,47.0221335,8.28095145,26.5,65
2026-06-05 14:45:47.158161,47.02206591,8.28082357,26.5,65
2026-06-05 14:45:52.158161,47.02205775,8.28067422,26.5,65
2026-06-05 14:45:57.158161,47.02216481,8.28063493,26.5,65
2026-06-05 14:46:02.158161,47.02227007,8.28063977,26.5,65
2026-06-05 14:46:07.158161,47.02238779,8.28066785,26.5,65
2026-06-05 14:46:12.158161,47.02248938,8.28061342,26.5,65
2026-06-05 14:46:17.158161,47.0225473,8.28048531,26.5,65
2026-06-05 14:46:22.158161,47.02261526,8.28034509,26.5,65
2026-06-05 14:46:27.158161,47.02271019,8.2803096,26.5,65
2026-06-05 14:46:32.158161,47.02281495,8.28027001,26.5,65
2026-06-05 14:46:37.158161,47.02291872,8.28020453,26.5,65
2026-06-05 14:46:42.158161,47.02300769,8.28013536,26.5,65
2026-06-05 14:46:47.158161,47.0231156,8.28006376,26.5,65
2026-06-05 14:46:52.158161,47.02320432,8.28001666,26.5,65
2026-06-05 14:46:57.158161,47.02329238,8.27998656,26.5,65
2026-06-05 14:47:02.158161,47.02338458,8.27995867,26.5,65
2026-06-05 14:47:07.158161,47.02344874,8.27984092,26.5,65
2026-06-05 14:47:12.158161,47.02347076,8.27969201,26.5,65
2026-06-05 14:47:17.158161,47.02355069,8.27957808,26.5,65
2026-06-05 14:47:22.158161,47.02363086,8.27948694,26.5,65
2026-06-05 14:47:27.158161,47.02374019,8.27948763,26.5,65
2026-06-05 14:47:32.158161,47.02385838,8.27957117,26.5,65
2026-06-05 14:47:37.158161,47.02397357,8.27963313,26.5,65
2026-06-05 14:47:42.158161,47.02410288,8.27971943,26.5,65
2026-06-05 14:47:47.158161,47.0242506,8.27979908,26.5,65
2026-06-05 14:47:52.158161,47.02434731,8.27986988,26.5,65
2026-06-05 14:47:57.158161,47.0244909,8.27990523,26.5,65
2026-06-05 14:48:02.158161,47.02461576,8.27989024,26.5,65
2026-06-05 14:48:07.158161,47.02474718,8.27984556,26.5,65
2026-06-05 14:48:12.158161,47.02485586,8.27980957,26.5,65
2026-06-05 14:48:17.158161,47.02496602,8.27975055,26.5,65
2026-06-05 14:48:22.158161,47.02507251,8.27968097,26.5,65
2026-06-05 14:48:27.158161,47.02517661,8.27961348,26.5,65
2026-06-05 14:48:32.158161,47.02528006,8.27955338,26.5,65
2026-06-05 14:48:37.158161,47.02537558,8.27951235,26.5,65
2026-06-05 14:48:42.158161,47.02549463,8.27948434,26.5,65
2026-06-05 14:48:47.158161,47.02557149,8.27948096,26.5,65
2026-06-05 14:48:52.158161,47.02573057,8.27946017,26.5,65
2026-06-05 14:48:57.158161,47.02575204,8.27945907,26.5,65
2026-06-05 14:49:02.158161,47.02577198,8.27945662,26.5,65
2026-06-05 14:49:07.158161,47.02579076,8.27945573,26.5,65
2026-06-05 14:49:12.158161,47.02590796,8.27949088,26.5,65
2026-06-05 14:49:17.158161,47.02600467,8.27953878,26.5,65
2026-06-05 14:49:22.158161,47.02609187,8.27960002,26.5,65
2026-06-05 14:49:27.158161,47.02621328,8.27967693,26.5,65
2026-06-05 14:49:32.158161,47.02631033,8.27975993,26.5,65
2026-06-05 14:49:37.158161,47.02643125,8.2798958,26.5,65
2026-06-05 14:49:42.158161,47.02655621,8.28002153,26.5,65
2026-06-05 14:49:47.158161,47.02665447,8.28014027,26.5,65
2026-06-05 14:49:52.158161,47.02674063,8.28028642,26.5,65
2026-06-05 14:49:57.158161,47.02682412,8.28042959,26.5,65
2026-06-05 14:50:02.158161,47.02688637,8.28055479,26.5,65
2026-06-05 14:50:07.158161,47.02698934,8.28065411,26.5,65
2026-06-05 14:50:12.158161,47.0271001,8.28059691,26.5,65
2026-06-05 14:50:17.158161,47.02720154,8.28055063,26.5,65
2026-06-05 14:50:22.158161,47.02729749,8.28050528,26.5,65
2026-06-05 14:50:27.158161,47.0273056,8.28031957,26.5,65
2026-06-05 14:50:32.158161,47.02731044,8.28015414,26.5,65
2026-06-05 14:50:37.158161,47.02730651,8.27996826,26.5,65
2026-06-05 14:50:42.158161,47.02729615,8.27979835,26.5,65
2026-06-05 14:50:47.158161,47.02728034,8.27966814,26.5,65
2026-06-05 14:50:52.158161,47.02726375,8.27952785,26.5,65
2026-06-05 14:50:57.158161,47.02731346,8.27939207,26.5,65
2026-06-05 14:51:02.158161,47.02740772,8.27932021,26.5,65
2026-06-05 14:51:07.158161,47.02752334,8.27924016,26.5,65
2026-06-05 14:51:12.158161,47.02762376,8.2792336,26.5,65
2026-06-05 14:51:17.158161,47.02770175,8.27933124,26.5,65
2026-06-05 14:51:22.158161,47.02779499,8.27937322,26.5,65
2026-06-05 14:51:27.158161,47.02790081,8.27928175,26.5,65
2026-06-05 14:51:32.158161,47.02796745,8.27916576,26.5,65
2026-06-05 14:51:37.158161,47.02803676,8.27900786,26.5,65
2026-06-05 14:51:42.158161,47.02811214,8.27889883,26.5,65
2026-06-05 14:51:47.158161,47.02818445,8.27879048,26.5,65
2026-06-05 14:51:52.158161,47.02827877,8.27868408,26.5,65
2026-06-05 14:51:57.158161,47.0283792,8.27861676,26.5,65
2026-06-05 14:52:02.158161,47.02850674,8.27860154,26.5,65
2026-06-05 14:52:07.158161,47.02863685,8.27858434,26.5,65
2026-06-05 14:52:12.158161,47.02874929,8.27859531,26.5,65
2026-06-05 14:52:17.158161,47.02888687,8.2786036,26.5,65
2026-06-05 14:52:22.158161,47.02897826,8.27860676,26.5,65
2026-06-05 14:52:27.158161,47.02909251,8.27861035,26.5,65
2026-06-05 14:52:32.158161,47.02918203,8.27858881,26.5,65
2026-06-05 14:52:37.158161,47.02926373,8.27867483,26.5,65
2026-06-05 14:52:42.158161,47.02932049,8.27882548,26.5,65
2026-06-05 14:52:47.158161,47.02941038,8.27885673,26.5,65
2026-06-05 14:52:52.158161,47.02949587,8.27898194,26.5,65
2026-06-05 14:52:57.158161,47.02958346,8.27910002,26.5,65
2026-06-05 14:53:02.158161,47.02960803,8.27923289,26.5,65
2026-06-05 14:53:07.158161,47.0295458,8.27934216,26.5,65
2026-06-05 14:53:12.158161,47.02945068,8.279473,26.5,65
2026-06-05 14:53:17.158161,47.02938531,8.27963348,26.5,65
2026-06-05 14:53:22.158161,47.02942383,8.27977383,26.5,65
2026-06-05 14:53:27.158161,47.02952482,8.27989649,26.5,65
2026-06-05 14:53:32.158161,47.02961284,8.28003255,26.5,65
2026-06-05 14:53:37.158161,47.0296916,8.28021621,26.5,65
2026-06-05 14:53:42.158161,47.02976467,8.28044193,26.5,65
2026-06-05 14:53:47.158161,47.02982742,8.28067866,26.5,65
2026-06-05 14:53:52.158161,47.02987844,8.28088375,26.5,65
2026-06-05 14:53:57.158161,47.0299226,8.28103828,26.5,65
2026-06-05 14:54:02.158161,47.0299413,8.28121784,26.5,65
2026-06-05 14:54:07.158161,47.02994199,8.28138503,26.5,65
2026-06-05 14:54:12.158161,47.02999239,8.28159163,26.5,65
2026-06-05 14:54:17.158161,47.03005719,8.28180426,26.5,65
2026-06-05 14:54:22.158161,47.03011098,8.28201523,26.5,65
2026-06-05 14:54:27.158161,47.03015568,8.28223744,26.5,65
2026-06-05 14:54:32.158161,47.03019931,8.28245022,26.5,65
2026-06-05 14:54:37.158161,47.03024363,8.28265882,26.5,65
2026-06-05 14:54:42.158161,47.03027759,8.28285546,26.5,65
2026-06-05 14:54:47.158161,47.03031627,8.28304105,26.5,65
2026-06-05 14:54:52.158161,47.03037592,8.2832366,26.5,65
2026-06-05 14:54:57.158161,47.03046782,8.28342668,26.5,65
2026-06-05 14:55:02.158161,47.0305316,8.28353926,26.5,65
2026-06-05 14:55:07.158161,47.03056654,8.28367191,26.5,65
2026-06-05 14:55:12.158161,47.03049258,8.28374854,26.5,65
2026-06-05 14:55:17.158161,47.0303932,8.28383641,26.5,65
2026-06-05 14:55:22.158161,47.03030392,8.28393493,26.5,65
2026-06-05 14:55:27.158161,47.03021615,8.28404121,26.5,65
2026-06-05 14:55:32.158161,47.03015703,8.28414883,26.5,65
2026-06-05 14:55:37.158161,47.03013556,8.28428684,26.5,65
2026-06-05 14:55:42.158161,47.03010556,8.28443253,26.5,65
2026-06-05 14:55:47.158161,47.03004988,8.28455453,26.5,65
2026-06-05 14:55:52.158161,47.02999715,8.28467523,26.5,65
2026-06-05 14:55:57.158161,47.02994337,8.28478924,26.5,65
2026-06-05 14:56:02.158161,47.0298778,8.28490419,26.5,65
2026-06-05 14:56:07.158161,47.02981751,8.28501793,26.5,65
2026-06-05 14:56:12.158161,47.02976156,8.28513283,26.5,65
2026-06-05 14:56:17.158161,47.02970976,8.28524589,26.5,65
2026-06-05 14:56:22.158161,47.02965485,8.28536183,26.5,65
2026-06-05 14:56:27.158161,47.02959821,8.28548231,26.5,65
2026-06-05 14:56:32.158161,47.02953971,8.28560061,26.5,65
2026-06-05 14:56:37.158161,47.02948114,8.28572317,26.5,65
2026-06-05 14:56:42.158161,47.02942079,8.2858406,26.5,65
2026-06-05 14:56:47.158161,47.02935914,8.28596908,26.5,65
2026-06-05 14:56:52.158161,47.0292916,8.28610364,26.5,65
2026-06-05 14:56:57.158161,47.02922247,8.28623831,26.5,65
2026-06-05 14:57:02.158161,47.02915376,8.28636933,26.5,65
2026-06-05 14:57:07.158161,47.02908061,8.28650625,26.5,65
2026-06-05 14:57:12.158161,47.02900996,8.2866416,26.5,65
2026-06-05 14:57:17.158161,47.02894017,8.286787,26.5,65
2026-06-05 14:57:22.158161,47.02886932,8.28692657,26.5,65
2026-06-05 14:57:27.158161,47.02879733,8.28706913,26.5,65
2026-06-05 14:57:32.158161,47.02872636,8.28721787,26.5,65
2026-06-05 14:57:37.158161,47.028653,8.28736835,26.5,65
2026-06-05 14:57:42.158161,47.02857665,8.28751562,26.5,65
2026-06-05 14:57:47.158161,47.02850606,8.28765798,26.5,65
2026-06-05 14:57:52.158161,47.02842657,8.28778859,26.5,65
2026-06-05 14:57:57.158161,47.02833559,8.2879053,26.5,65
2026-06-05 14:58:02.158161,47.02823405,8.28802816,26.5,65
2026-06-05 14:58:07.158161,47.02812629,8.28813083,26.5,65
2026-06-05 14:58:12.158161,47.02801875,8.28820197,26.5,65
2026-06-05 14:58:17.158161,47.02788532,8.28820989,26.5,65
2026-06-05 14:58:22.158161,47.02776492,8.28821919,26.5,65
2026-06-05 14:58:27.158161,47.02766973,8.28823803,26.5,65
2026-06-05 14:58:32.158161,47.02757733,8.28827126,26.5,65
2026-06-05 14:58:37.158161,47.02749487,8.28834963,26.5,65
2026-06-05 14:58:42.158161,47.02742865,8.28845171,26.5,65
2026-06-05 14:58:47.158161,47.02736477,8.28855429,26.5,65
2026-06-05 14:58:52.158161,47.02729457,8.28864187,26.5,65
2026-06-05 14:58:57.158161,47.02722719,8.28874172,26.5,65
2026-06-05 14:59:02.158161,47.02716819,8.28884613,26.5,65
2026-06-05 14:59:07.158161,47.02712718,8.28897603,26.5,65
2026-06-05 14:59:12.158161,47.02707441,8.28910299,26.5,65
2026-06-05 14:59:17.158161,47.02699761,8.28919599,26.5,65
2026-06-05 14:59:22.158161,47.02696814,8.28933651,26.5,65
2026-06-05 14:59:27.158161,47.0269018,8.28944831,26.5,65
2026-06-05 14:59:32.158161,47.02683681,8.28955686,26.5,65
2026-06-05 14:59:37.158161,47.02675564,8.28964607,26.5,65
2026-06-05 14:59:42.158161,47.02666621,8.2897198,26.5,65
2026-06-05 14:59:47.158161,47.02659925,8.28981634,27,80
2026-06-05 14:59:52.158161,47.026522,8.28990512,27,80
2026-06-05 14:59:57.158161,47.02643097,8.28997068,27,80
2026-06-05 15:00:02.158161,47.02634635,8.29002155,27,80
2026-06-05 15:00:07.158161,47.02627836,8.29010912,27,80
2026-06-05 15:00:12.158161,47.02620937,8.29019897,27,80
2026-06-05 15:00:17.158161,47.02613201,8.2902929,27,80
2026-06-05 15:00:22.158161,47.02605363,8.29038516,27,80
2026-06-05 15:00:27.158161,47.02598512,8.2904816,27,80
2026-06-05 15:00:32.158161,47.0259075,8.29057478,27,80
2026-06-05 15:00:37.158161,47.02582846,8.29066253,27,80
2026-06-05 15:00:42.158161,47.02574146,8.29074146,27,80
2026-06-05 15:00:47.158161,47.02564982,8.29077943,27,80
2026-06-05 15:00:52.158161,47.02556621,8.29083247,27,80
2026-06-05 15:00:57.158161,47.02548659,8.2908982,27,80
2026-06-05 15:01:02.158161,47.02539313,8.29091895,27,80
2026-06-05 15:01:07.158161,47.02530684,8.29098232,27,80
2026-06-05 15:01:12.158161,47.02522282,8.29103626,27,80
2026-06-05 15:01:17.158161,47.02512652,8.29107746,27,80
2026-06-05 15:01:22.158161,47.02503047,8.29109298,27,80
2026-06-05 15:01:27.158161,47.0249291,8.29110093,27,80
2026-06-05 15:01:32.158161,47.02483749,8.29112738,27,80
2026-06-05 15:01:37.158161,47.02475004,8.29116758,27,80
2026-06-05 15:01:42.158161,47.02466025,8.29120486,27,80
2026-06-05 15:01:47.158161,47.02457077,8.29122985,27,80
2026-06-05 15:01:52.158161,47.02448179,8.29128946,27,80
2026-06-05 15:01:57.158161,47.02439631,8.29133887,27,80
2026-06-05 15:02:02.158161,47.02431171,8.29138892,27,80
2026-06-05 15:02:07.158161,47.0242205,8.2914457,27,80
2026-06-05 15:02:12.158161,47.02413526,8.29151045,27,80
2026-06-05 15:02:17.158161,47.02405621,8.29157868,27,80
2026-06-05 15:02:22.158161,47.02397615,8.29164923,27,80
2026-06-05 15:02:27.158161,47.02390278,8.29172878,27,80
2026-06-05 15:02:32.158161,47.02380891,8.29177582,27,80
2026-06-05 15:02:37.158161,47.02372606,8.29184402,27,80
2026-06-05 15:02:42.158161,47.02363158,8.29188956,27,80
2026-06-05 15:02:47.158161,47.02355521,8.29196569,27,80
2026-06-05 15:02:52.158161,47.02347544,8.29205297,27,80
2026-06-05 15:02:57.158161,47.02339336,8.29212967,27,80
2026-06-05 15:03:02.158161,47.02331203,8.29218653,27,80
2026-06-05 15:03:07.158161,47.02323879,8.29228899,27,80
2026-06-05 15:03:12.158161,47.02315848,8.29234905,27,80
2026-06-05 15:03:17.158161,47.02308621,8.29243125,27,80
2026-06-05 15:03:22.158161,47.02304255,8.29255149,27,80
2026-06-05 15:03:27.158161,47.02296049,8.29263879,27,80
2026-06-05 15:03:32.158161,47.02291557,8.29275776,27,80
2026-06-05 15:03:37.158161,47.02285527,8.29285691,27,80
2026-06-05 15:03:42.158161,47.02280483,8.29297735,27,80
2026-06-05 15:03:47.158161,47.02274278,8.29308326,27,80
2026-06-05 15:03:52.158161,47.02267997,8.29320125,27,80
2026-06-05 15:03:57.158161,47.02262013,8.29332157,27,80
2026-06-05 15:04:02.158161,47.02256579,8.29344294,27,80
2026-06-05 15:04:07.158161,47.02248924,8.29355659,27,80
2026-06-05 15:04:12.158161,47.02242991,8.29366658,27,80
2026-06-05 15:04:17.158161,47.02238121,8.29379311,27,80
2026-06-05 15:04:22.158161,47.02233493,8.29392171,27,80
2026-06-05 15:04:27.158161,47.02230374,8.29405593,27,80
2026-06-05 15:04:32.158161,47.02221478,8.2941337,27,80
2026-06-05 15:04:37.158161,47.02212003,8.29415956,27,80
2026-06-05 15:04:42.158161,47.02202384,8.29420007,27,80
2026-06-05 15:04:47.158161,47.02192732,8.29423675,27,80
2026-06-05 15:04:52.158161,47.02183865,8.29428001,27,80
2026-06-05 15:04:57.158161,47.02174795,8.29431715,27,80
2026-06-05 15:05:02.158161,47.02164864,8.29435426,27,80
2026-06-05 15:05:07.158161,47.02155591,8.29438412,27,80
2026-06-05 15:05:12.158161,47.02146984,8.29442402,27,80
2026-06-05 15:05:17.158161,47.0213814,8.29445816,27,80
2026-06-05 15:05:22.158161,47.02128628,8.29449424,27,80
2026-06-05 15:05:27.158161,47.02119785,8.2945376,27,80
2026-06-05 15:05:32.158161,47.0211041,8.29458302,27,80
2026-06-05 15:05:37.158161,47.02101613,8.29462115,27,80
2026-06-05 15:05:42.158161,47.02092782,8.29466743,27,80
2026-06-05 15:05:47.158161,47.02083385,8.29471991,27,80
2026-06-05 15:05:52.158161,47.02074055,8.29477464,27,80
2026-06-05 15:05:57.158161,47.0206533,8.29482648,27,80
2026-06-05 15:06:02.158161,47.02056302,8.29486776,27,80
2026-06-05 15:06:07.158161,47.02047849,8.29493612,27,80
2026-06-05 15:06:12.158161,47.02039771,8.29500775,27,80
2026-06-05 15:06:17.158161,47.02031005,8.29505666,27,80
2026-06-05 15:06:22.158161,47.0202333,8.29514391,27,80
2026-06-05 15:06:27.158161,47.02016355,8.29523318,27,80
2026-06-05 15:06:32.158161,47.02013987,8.29536291,27,80
2026-06-05 15:06:37.158161,47.02011708,8.29550895,27,80
2026-06-05 15:06:42.158161,47.02009038,8.29563479,27,80
2026-06-05 15:06:47.158161,47.0200435,8.29576938,27,80
2026-06-05 15:06:52.158161,47.01998609,8.29588449,27,80
2026-06-05 15:06:57.158161,47.01992972,8.29599376,27,80
2026-06-05 15:07:02.158161,47.01986949,8.29611134,27,80
2026-06-05 15:07:07.158161,47.01980946,8.29621107,27,80
2026-06-05 15:07:12.158161,47.01975597,8.29632404,27,80
2026-06-05 15:07:17.158161,47.01966867,8.29638707,27,80
2026-06-05 15:07:22.158161,47.01957961,8.29646892,27,80
2026-06-05 15:07:27.158161,47.01952057,8.29658363,27,80
2026-06-05 15:07:32.158161,47.01949,8.29672603,27,80
2026-06-05 15:07:37.158161,47.01944373,8.29685837,27,80
2026-06-05 15:07:42.158161,47.01940388,8.29697985,27,80
2026-06-05 15:07:47.158161,47.01936019,8.29710804,27,80
2026-06-05 15:07:52.158161,47.0193195,8.29723166,27,80
2026-06-05 15:07:57.158161,47.01927045,8.29736578,27,80
2026-06-05 15:08:02.158161,47.01923466,8.2975002,27,80
2026-06-05 15:08:07.158161,47.01919012,8.2976318,27,80
2026-06-05 15:08:12.158161,47.01913887,8.2977542,27,80
2026-06-05 15:08:17.158161,47.01905853,8.29783503,27,80
2026-06-05 15:08:22.158161,47.01897945,8.29790244,27,80
2026-06-05 15:08:27.158161,47.01898292,8.29805745,27,80
2026-06-05 15:08:32.158161,47.01901185,8.2981946,27,80
2026-06-05 15:08:37.158161,47.01901338,8.29834139,27,80
2026-06-05 15:08:42.158161,47.01895062,8.29843908,27,80
2026-06-05 15:08:47.158161,47.01887607,8.29853447,27,80
2026-06-05 15:08:52.158161,47.01878773,8.29861002,27,80
2026-06-05 15:08:57.158161,47.01873681,8.29872998,27,80
2026-06-05 15:09:02.158161,47.01865996,8.29881789,27,80
2026-06-05 15:09:07.158161,47.01860607,8.29893049,27,80
2026-06-05 15:09:12.158161,47.01853261,8.29902995,27,80
2026-06-05 15:09:17.158161,47.01847463,8.2991334,27,80
2026-06-05 15:09:22.158161,47.0184448,8.29926875,27,80
2026-06-05 15:09:27.158161,47.01842118,8.29941644,27,80
2026-06-05 15:09:32.158161,47.01839623,8.29954747,27,80
2026-06-05 15:09:37.158161,47.0183957,8.29969565,27,80
2026-06-05 15:09:42.158161,47.01838425,8.29982614,27,80
2026-06-05 15:09:47.158161,47.01837795,8.29995935,27,80
2026-06-05 15:09:52.158161,47.0183799,8.30010609,27,80
2026-06-05 15:09:57.158161,47.01836647,8.30024013,27,80
2026-06-05 15:10:02.158161,47.01833814,8.30036664,27,80
2026-06-05 15:10:07.158161,47.01829449,8.30048671,27,80
2026-06-05 15:10:12.158161,47.01827521,8.30063268,27,80
2026-06-05 15:10:17.158161,47.01826781,8.30076803,27,80
2026-06-05 15:10:22.158161,47.0182789,8.30090062,27,80
2026-06-05 15:10:27.158161,47.01827382,8.30103828,27,80
2026-06-05 15:10:32.158161,47.01826142,8.3011748,27,80
2026-06-05 15:10:37.158161,47.01825403,8.30131746,27,80
2026-06-05 15:10:42.158161,47.01825934,8.3014562,27,80
2026-06-05 15:10:47.158161,47.0182716,8.30159425,27,80
2026-06-05 15:10:52.158161,47.0182575,8.30173277,27,80
2026-06-05 15:10:57.158161,47.01828682,8.30187444,27,80
2026-06-05 15:11:02.158161,47.01831711,8.30200694,27,80
2026-06-05 15:11:07.158161,47.01835409,8.30213292,27,80
2026-06-05 15:11:12.158161,47.01839452,8.30226502,27,80
2026-06-05 15:11:17.158161,47.01842615,8.30241625,27,80
2026-06-05 15:11:22.158161,47.01843107,8.30256077,27,80
2026-06-05 15:11:27.158161,47.01844627,8.30269593,27,80
2026-06-05 15:11:32.158161,47.01842727,8.30283027,27,80
2026-06-05 15:11:37.158161,47.01832363,8.30285486,27,80
2026-06-05 15:11:42.158161,47.01822912,8.30291628,27,80
2026-06-05 15:11:47.158161,47.01817158,8.30301946,27,80
2026-06-05 15:11:52.158161,47.018106,8.30313057,27,80
2026-06-05 15:11:57.158161,47.01808702,8.30326209,27,80
2026-06-05 15:12:02.158161,47.0179895,8.30328707,27,80
2026-06-05 15:12:07.158161,47.01792549,8.30338116,27,80
2026-06-05 15:12:12.158161,47.01790151,8.30352465,27,80
2026-06-05 15:12:17.158161,47.01790963,8.30367374,27,80
2026-06-05 15:12:22.158161,47.01792529,8.30381656,27,80
2026-06-05 15:12:27.158161,47.01791487,8.30395763,27,80
2026-06-05 15:12:32.158161,47.01793278,8.30408809,27,80
2026-06-05 15:12:37.158161,47.01795818,8.30422692,27,80
2026-06-05 15:12:42.158161,47.01797063,8.30436203,27,80
2026-06-05 15:12:47.158161,47.01796008,8.30451327,27,80
2026-06-05 15:12:52.158161,47.01795444,8.30466377,27,80
2026-06-05 15:12:57.158161,47.0179434,8.30479617,27,80
2026-06-05 15:13:02.158161,47.01794515,8.30493559,27,80
2026-06-05 15:13:07.158161,47.01793201,8.30506645,27,80
2026-06-05 15:13:12.158161,47.01791775,8.3052036,27,80
2026-06-05 15:13:17.158161,47.01790702,8.30533602,27,80
2026-06-05 15:13:22.158161,47.01788328,8.3054813,27,80
2026-06-05 15:13:27.158161,47.01786886,8.30561854,27,80
2026-06-05 15:13:32.158161,47.01785964,8.3057524,27,80
2026-06-05 15:13:37.158161,47.01785707,8.30590569,27,80
2026-06-05 15:13:42.158161,47.01782104,8.30603743,27,80
2026-06-05 15:13:47.158161,47.0177285,8.30607476,27,80
2026-06-05 15:13:52.158161,47.01763598,8.3061015,27,80
2026-06-05 15:13:57.158161,47.01753987,8.30613185,27,80
2026-06-05 15:14:02.158161,47.01745961,8.3062059,27,80
2026-06-05 15:14:07.158161,47.01738104,8.30628878,27,80
2026-06-05 15:14:12.158161,47.01733872,8.30641384,27,80
2026-06-05 15:14:17.158161,47.0173638,8.30655478,27,80
2026-06-05 15:14:22.158161,47.01723334,8.30692542,27,80
2026-06-05 15:14:27.158161,47.01731145,8.30700058,27,80
2026-06-05 15:14:32.158161,47.0173612,8.30711711,27,80
2026-06-05 15:14:37.158161,47.01746187,8.30710313,27,80
2026-06-05 15:14:42.158161,47.01756605,8.30708326,27,80
2026-06-05 15:14:47.158161,47.01766451,8.307059,27,80
2026-06-05 15:14:52.158161,47.01756422,8.30703927,27,80
2026-06-05 15:14:57.158161,47.01746578,8.30708037,27,80
2026-06-05 15:15:02.158161,47.01736734,8.3070696,27,80
2026-06-05 15:15:07.158161,47.017358,8.30707206,27,80
2026-06-05 15:15:12.158161,47.01726416,8.30711287,27,80
2026-06-05 15:15:17.158161,47.01717094,8.30713347,27,80
2026-06-05 15:15:22.158161,47.01707696,8.30716247,27,80
2026-06-05 15:15:27.158161,47.01697759,8.3071943,27,80
2026-06-05 15:15:32.158161,47.01688967,8.30724188,27,80
2026-06-05 15:15:37.158161,47.0167999,8.30727563,27,80
2026-06-05 15:15:42.158161,47.01670474,8.30729966,27,80
2026-06-05 15:15:47.158161,47.0166096,8.30733224,27,80
2026-06-05 15:15:52.158161,47.0165071,8.30735493,27,80
2026-06-05 15:15:57.158161,47.01643932,8.3074818,27,80
2026-06-05 15:16:02.158161,47.01640935,8.30761156,27,80
2026-06-05 15:16:07.158161,47.01635809,8.30774057,27,80
2026-06-05 15:16:12.158161,47.01632408,8.30788214,27.5,75
2026-06-05 15:16:17.158161,47.0162925,8.30800893,27.5,75
2026-06-05 15:16:22.158161,47.01625623,8.30813465,27.5,75
2026-06-05 15:16:27.158161,47.01622002,8.30826662,27.5,75
2026-06-05 15:16:32.158161,47.01616154,8.3083783,27.5,75
2026-06-05 15:16:37.158161,47.01614466,8.30851647,27.5,75
2026-06-05 15:16:42.158161,47.01610155,8.30865793,27.5,75
2026-06-05 15:16:47.158161,47.01608339,8.30878934,27.5,75
2026-06-05 15:16:52.158161,47.01604387,8.3089171,27.5,75
2026-06-05 15:16:57.158161,47.01599287,8.30902993,27.5,75
2026-06-05 15:17:02.158161,47.01593426,8.30915246,27.5,75
2026-06-05 15:17:07.158161,47.01583474,8.30919965,27.5,75
2026-06-05 15:17:12.158161,47.01574463,8.3092563,27.5,75
2026-06-05 15:17:17.158161,47.01565819,8.30930252,27.5,75
2026-06-05 15:17:22.158161,47.01557984,8.30937365,27.5,75
2026-06-05 15:17:27.158161,47.01548434,8.30942459,27.5,75
2026-06-05 15:17:32.158161,47.01538733,8.30946986,27.5,75
2026-06-05 15:17:37.158161,47.01529895,8.30951686,27.5,75
2026-06-05 15:17:42.158161,47.01525836,8.30963683,27.5,75
2026-06-05 15:17:47.158161,47.01516054,8.30965085,27.5,75
2026-06-05 15:17:52.158161,47.01507553,8.3097288,27.5,75
2026-06-05 15:17:57.158161,47.01508997,8.30986381,27.5,75
2026-06-05 15:18:02.158161,47.01511695,8.30999571,27.5,75
2026-06-05 15:18:07.158161,47.0151175,8.31013423,27.5,75
2026-06-05 15:18:12.158161,47.01509524,8.31027054,27.5,75
2026-06-05 15:18:17.158161,47.01508143,8.31042566,27.5,75
2026-06-05 15:18:22.158161,47.01507787,8.3105817,27.5,75
2026-06-05 15:18:27.158161,47.01506634,8.31071574,27.5,75
2026-06-05 15:18:32.158161,47.0150769,8.31085112,27.5,75
2026-06-05 15:18:37.158161,47.01508397,8.31099424,27.5,75
2026-06-05 15:18:42.158161,47.01499925,8.31107494,27.5,75
2026-06-05 15:18:47.158161,47.0149041,8.31111527,27.5,75
2026-06-05 15:18:52.158161,47.01481565,8.31114898,27.5,75
2026-06-05 15:18:57.158161,47.01471943,8.31119224,27.5,75
2026-06-05 15:19:02.158161,47.01461735,8.31120193,27.5,75
2026-06-05 15:19:07.158161,47.01451667,8.31120223,27.5,75
2026-06-05 15:19:12.158161,47.01441293,8.3112033,27.5,75
2026-06-05 15:19:17.158161,47.01431517,8.31122186,27.5,75
2026-06-05 15:19:22.158161,47.01424007,8.31132343,27.5,75
2026-06-05 15:19:27.158161,47.01414731,8.31137082,27.5,75
2026-06-05 15:19:32.158161,47.01404798,8.31138203,27.5,75
2026-06-05 15:19:37.158161,47.01396889,8.31145372,27.5,75
2026-06-05 15:19:42.158161,47.01388254,8.31150632,27.5,75
2026-06-05 15:19:47.158161,47.01379205,8.31157113,27.5,75
2026-06-05 15:19:52.158161,47.0137117,8.3116346,27.5,75
2026-06-05 15:19:57.158161,47.01366181,8.31176139,27.5,75
2026-06-05 15:20:02.158161,47.01363287,8.3118901,27.5,75
2026-06-05 15:20:07.158161,47.01363258,8.31203293,27.5,75
2026-06-05 15:20:12.158161,47.01362325,8.31216826,27.5,75
2026-06-05 15:20:17.158161,47.01363346,8.31232314,27.5,75
2026-06-05 15:20:22.158161,47.01361213,8.31246681,27.5,75
2026-06-05 15:20:27.158161,47.01361043,8.3126154,27.5,75
2026-06-05 15:20:32.158161,47.01364479,8.31274245,27.5,75
2026-06-05 15:20:37.158161,47.0136547,8.31287343,27.5,75
2026-06-05 15:20:42.158161,47.01365373,8.31301611,27.5,75
2026-06-05 15:20:47.158161,47.01367424,8.31314979,27.5,75
2026-06-05 15:20:52.158161,47.01366993,8.31328267,27.5,75
2026-06-05 15:20:57.158161,47.01370364,8.31341651,27.5,75
2026-06-05 15:21:02.158161,47.01370746,8.31355765,27.5,75
2026-06-05 15:21:07.158161,47.01369916,8.31369182,27.5,75
2026-06-05 15:21:12.158161,47.01371931,8.31382639,27.5,75
2026-06-05 15:21:17.158161,47.01367132,8.31393863,27.5,75
2026-06-05 15:21:22.158161,47.0136069,8.31403323,27.5,75
2026-06-05 15:21:27.158161,47.01355817,8.31416383,27.5,75
2026-06-05 15:21:32.158161,47.01352153,8.31429194,27.5,75
2026-06-05 15:21:37.158161,47.01347893,8.31442626,27.5,75
2026-06-05 15:21:42.158161,47.01344775,8.3145653,27.5,75
2026-06-05 15:21:47.158161,47.01341116,8.31469912,27.5,75
2026-06-05 15:21:52.158161,47.01335665,8.31482625,27.5,75
2026-06-05 15:21:57.158161,47.01331952,8.31495407,27.5,75
2026-06-05 15:22:02.158161,47.01336999,8.31508802,27.5,75
2026-06-05 15:22:07.158161,47.01341826,8.31521675,27.5,75
2026-06-05 15:22:12.158161,47.01345449,8.31534069,27.5,75
2026-06-05 15:22:17.158161,47.01343621,8.31548587,27.5,75
2026-06-05 15:22:22.158161,47.01338668,8.31559676,27.5,75
2026-06-05 15:22:27.158161,47.01331683,8.31568728,27.5,75
2026-06-05 15:22:32.158161,47.01326252,8.31579636,27.5,75
2026-06-05 15:22:37.158161,47.01319883,8.31589261,27.5,75
2026-06-05 15:22:42.158161,47.01326634,8.31598926,27.5,75
2026-06-05 15:22:47.158161,47.01335669,8.31598283,27.5,75
2026-06-05 15:22:52.158161,47.01343523,8.31589825,27.5,75
2026-06-05 15:22:57.158161,47.0135087,8.31582024,27.5,75
2026-06-05 15:23:02.158161,47.01358263,8.31573854,27.5,75
2026-06-05 15:23:07.158161,47.01365325,8.31563722,27.5,75
2026-06-05 15:23:12.158161,47.01372437,8.31555668,27.5,75
2026-06-05 15:23:17.158161,47.01377137,8.31544124,27.5,75
2026-06-05 15:23:22.158161,47.01379108,8.31530319,27.5,75
2026-06-05 15:23:27.158161,47.01381352,8.3151654,27.5,75
2026-06-05 15:23:32.158161,47.01387936,8.31507284,27.5,75
2026-06-05 15:23:37.158161,47.01395544,8.31514984,27.5,75
2026-06-05 15:23:42.158161,47.01394305,8.31528733,27.5,75
2026-06-05 15:23:47.158161,47.01392937,8.31542826,27.5,75
2026-06-05 15:23:52.158161,47.01393549,8.31556461,27.5,75
2026-06-05 15:23:57.158161,47.01394561,8.31570437,27.5,75
2026-06-05 15:24:02.158161,47.01398954,8.31583108,27.5,75
2026-06-05 15:24:07.158161,47.01402956,8.31596003,27.5,75
2026-06-05 15:24:12.158161,47.01407641,8.31607965,27.5,75
2026-06-05 14:05:30.025763,47.00022871,8.25810072,24,72
2026-06-05 14:05:35.025763,47.00028078,8.2582629,24,72
2026-06-05 14:05:40.025763,47.00030476,8.258292,24,72
2026-06-05 14:05:45.025763,47.00033415,8.25832642,24,72
2026-06-05 14:05:50.025763,47.00037079,8.25836399,24,72
2026-06-05 14:05:55.025763,47.00045831,8.25844336,24,72
2026-06-05 14:06:00.025763,47.00058681,8.25854609,24,72
2026-06-05 14:06:05.025763,47.00071595,8.2586907,24,72
2026-06-05 14:06:10.025763,47.00084529,8.2588697,24,72
2026-06-05 14:06:15.025763,47.00090381,8.25897754,24,72
2026-06-05 14:06:20.025763,47.00095449,8.25910177,24,72
2026-06-05 14:06:25.025763,47.00100076,8.25924173,24,72
2026-06-05 14:06:30.025763,47.00104812,8.25938686,24,72
2026-06-05 14:06:35.025763,47.0010991,8.2595326,24,72
2026-06-05 14:06:40.025763,47.00115506,8.25968037,24,72
2026-06-05 14:06:45.025763,47.00120636,8.25983026,24,72
2026-06-05 14:06:50.025763,47.00125603,8.25996684,24,72
2026-06-05 14:06:55.025763,47.00130241,8.26008939,24,72
2026-06-05 14:07:00.025763,47.00138355,8.26032244,24,72
2026-06-05 14:07:05.025763,47.00142351,8.26058816,24,72
2026-06-05 14:07:10.025763,47.00142405,8.2607331,24,72
2026-06-05 14:07:15.025763,47.00142023,8.26097269,24,72
2026-06-05 14:07:20.025763,47.00142384,8.26114973,24,72
2026-06-05 14:07:25.025763,47.00145207,8.2613086,24,72
2026-06-05 14:07:30.025763,47.00151529,8.26142099,24,72
2026-06-05 14:07:35.025763,47.00160354,8.26145481,24,72
2026-06-05 14:07:40.025763,47.00170908,8.26138478,24,72
2026-06-05 14:07:45.025763,47.00182225,8.26125648,24,72
2026-06-05 14:07:50.025763,47.00194906,8.26108943,24,72
2026-06-05 14:07:55.025763,47.00201688,8.26099866,24,72
2026-06-05 14:08:00.025763,47.00208522,8.26090606,24,72
2026-06-05 14:08:05.025763,47.00216004,8.26080358,24,72
2026-06-05 14:08:10.025763,47.002242,8.26068525,24,72
2026-06-05 14:08:15.025763,47.0023176,8.26057991,24,72
2026-06-05 14:08:20.025763,47.00239849,8.26047337,24,72
2026-06-05 14:08:25.025763,47.00247331,8.26038455,24,72
2026-06-05 14:08:30.025763,47.00261338,8.26023744,24,72
2026-06-05 14:08:35.025763,47.00277658,8.26017457,24,72
2026-06-05 14:08:40.025763,47.00286722,8.2601828,24,72
2026-06-05 14:08:45.025763,47.00296026,8.26019934,24,72
2026-06-05 14:08:50.025763,47.00305953,8.26021031,24,72
2026-06-05 14:08:55.025763,47.0031606,8.26021852,24,72
2026-06-05 14:09:00.025763,47.00326241,8.26022314,24,72
2026-06-05 14:09:05.025763,47.00337205,8.26023704,24,72
2026-06-05 14:09:10.025763,47.00346561,8.26025428,24,72
2026-06-05 14:09:15.025763,47.00362933,8.2602887,24,72
2026-06-05 14:09:20.025763,47.00378861,8.26037995,24,72
2026-06-05 14:09:25.025763,47.00392204,8.2605306,24,72
2026-06-05 14:09:30.025763,47.00402318,8.26075148,24,72
2026-06-05 14:09:35.025763,47.00406636,8.26086772,24,72
2026-06-05 14:09:40.025763,47.00411831,8.26106373,24,72
2026-06-05 14:09:45.025763,47.00412517,8.26122912,24,72
2026-06-05 14:09:50.025763,47.00406777,8.26139469,24,72
2026-06-05 14:09:55.025763,47.00396902,8.26160121,24,72
2026-06-05 14:10:00.025763,47.00389832,8.2618565,24,72
2026-06-05 14:10:05.025763,47.00386956,8.26199399,24,72
2026-06-05 14:10:10.025763,47.00385054,8.26213016,24,72
2026-06-05 14:10:15.025763,47.0038437,8.26227238,24,72
2026-06-05 14:10:20.025763,47.00384727,8.2624205,24,72
2026-06-05 14:10:25.025763,47.00385549,8.26256705,24,72
2026-06-05 14:10:30.025763,47.00386383,8.26270041,24,72
2026-06-05 14:10:35.025763,47.00388217,8.26292943,24,72
2026-06-05 14:10:40.025763,47.00386757,8.26312325,24,72
2026-06-05 14:10:45.025763,47.00376692,8.26328319,24,72
2026-06-05 14:10:50.025763,47.00368522,8.26335276,24,72
2026-06-05 14:10:55.025763,47.00360404,8.26341239,24,72
2026-06-05 14:11:00.025763,47.00348914,8.26354308,24,72
2026-06-05 14:11:05.025763,47.00346347,8.2637544,24,72
2026-06-05 14:11:10.025763,47.00352692,8.26398889,24,72
2026-06-05 14:11:15.025763,47.00363806,8.26415457,24,72
2026-06-05 14:11:20.025763,47.00373664,8.26430982,24,72
2026-06-05 14:11:25.025763,47.0038287,8.2644703,24,72
2026-06-05 14:11:30.025763,47.00393375,8.26461431,24,72
2026-06-05 14:11:35.025763,47.00404332,8.26477485,24,72
2026-06-05 14:11:40.025763,47.0041594,8.26493425,24,72
2026-06-05 14:11:45.025763,47.0042755,8.26508587,24,72
2026-06-05 14:11:50.025763,47.00439333,8.26524857,24,72
2026-06-05 14:11:55.025763,47.00445499,8.26534936,24,72
2026-06-05 14:12:00.025763,47.00451607,8.26546141,24,72
2026-06-05 14:12:05.025763,47.00457877,8.26557489,24,72
2026-06-05 14:12:10.025763,47.00463986,8.2656786,24,72
2026-06-05 14:12:15.025763,47.00474291,8.26587219,24,72
2026-06-05 14:12:20.025763,47.00480835,8.26610477,24,72
2026-06-05 14:12:25.025763,47.0048061,8.26634168,24,72
2026-06-05 14:12:30.025763,47.00475038,8.26656384,24,72
2026-06-05 14:12:35.025763,47.0047467,8.26675753,24,72
2026-06-05 14:12:40.025763,47.0048343,8.26687939,24,72
2026-06-05 14:12:45.025763,47.00497118,8.26692518,24,72
2026-06-05 14:12:50.025763,47.0051186,8.26698699,24,72
2026-06-05 14:12:55.025763,47.00527957,8.26706864,24,72
2026-06-05 14:13:00.025763,47.00536647,8.26711179,24,72
2026-06-05 14:13:05.025763,47.00553011,8.26719896,24,72
2026-06-05 14:13:10.025763,47.00561432,8.26726009,24,72
2026-06-05 14:13:15.025763,47.00569679,8.26732973,24,72
2026-06-05 14:13:20.025763,47.00576722,8.26741292,24,72
2026-06-05 14:13:25.025763,47.00588203,8.26760905,24,72
2026-06-05 14:13:30.025763,47.0059276,8.26772293,24,72
2026-06-05 14:13:35.025763,47.00596916,8.2678402,24,72
2026-06-05 14:13:40.025763,47.00601186,8.2679777,24,72
2026-06-05 14:13:45.025763,47.00604792,8.26812145,24,72
2026-06-05 14:13:50.025763,47.0060782,8.26828136,24,72
2026-06-05 14:13:55.025763,47.00610874,8.26843455,24,72
2026-06-05 14:14:00.025763,47.00613661,8.2685915,24,72
2026-06-05 14:14:05.025763,47.00616066,8.26874267,24,72
2026-06-05 14:14:10.025763,47.00617991,8.26889628,24,72
2026-06-05 14:14:15.025763,47.00618907,8.2690582,24,72
2026-06-05 14:14:20.025763,47.00619028,8.26922274,24,72
2026-06-05 14:14:25.025763,47.00618693,8.26937948,24,72
2026-06-05 14:14:30.025763,47.00619047,8.26954182,24,72
2026-06-05 14:14:35.025763,47.00619511,8.26971994,24,72
2026-06-05 14:14:40.025763,47.00620396,8.26990472,24,72
2026-06-05 14:14:45.025763,47.006209,8.27008702,24,72
2026-06-05 14:14:50.025763,47.00621344,8.27027072,24,72
2026-06-05 14:14:55.025763,47.00621988,8.27044262,24,72
2026-06-05 14:15:00.025763,47.00622954,8.27061508,24,72
2026-06-05 14:15:05.025763,47.0062411,8.27078363,24,72
2026-06-05 14:15:10.025763,47.00625249,8.27092852,24,72
2026-06-05 14:15:15.025763,47.00626458,8.2710729,24,72
2026-06-05 14:15:20.025763,47.0062691,8.27132582,24,72
2026-06-05 14:15:25.025763,47.00626077,8.27145732,24,72
2026-06-05 14:15:30.025763,47.00624034,8.27158577,24,72
2026-06-05 14:15:35.025763,47.0062235,8.27171542,24,72
2026-06-05 14:15:40.025763,47.00622424,8.27192727,24,72
2026-06-05 14:15:45.025763,47.00631666,8.27206518,24,72
2026-06-05 14:15:50.025763,47.00643851,8.27204033,24,72
2026-06-05 14:15:55.025763,47.00657546,8.27183218,24,72
2026-06-05 14:16:00.025763,47.00662289,8.27171513,24,72
2026-06-05 14:16:05.025763,47.00669785,8.27148819,24,72
2026-06-05 14:16:10.025763,47.00675993,8.27130491,24,72
2026-06-05 14:16:15.025763,47.00681567,8.2711894,24,72
2026-06-05 14:16:20.025763,47.00693372,8.27116738,24,72
2026-06-05 14:16:25.025763,47.00702576,8.27123461,24,72
2026-06-05 14:16:30.025763,47.00712974,8.27123018,24,72
2026-06-05 14:16:35.025763,47.00722062,8.27118108,24,72
2026-06-05 14:16:40.025763,47.00732576,8.27113521,24,72
2026-06-05 14:16:45.025763,47.00742248,8.27106795,24,72
2026-06-05 14:16:50.025763,47.00751979,8.27099985,24,72
2026-06-05 14:16:55.025763,47.00761734,8.27092633,24,72
2026-06-05 14:17:00.025763,47.00769657,8.27085368,24,72
2026-06-05 14:17:05.025763,47.00779786,8.27072621,24,72
2026-06-05 14:17:10.025763,47.00789136,8.27059822,24,72
2026-06-05 14:17:15.025763,47.00798931,8.27050584,24,72
2026-06-05 14:17:20.025763,47.00807862,8.27042745,24,72
2026-06-05 14:17:25.025763,47.00816756,8.2703318,24,72
2026-06-05 14:17:30.025763,47.00825598,8.27024117,24,72
2026-06-05 14:17:35.025763,47.00834381,8.27012914,24,72
2026-06-05 14:17:40.025763,47.00843309,8.27001052,24,72
2026-06-05 14:17:45.025763,47.00853721,8.26987208,24,72
2026-06-05 14:17:50.025763,47.00862969,8.26975738,24,72
2026-06-05 14:17:55.025763,47.008719,8.26965368,24,72
2026-06-05 14:18:00.025763,47.00883615,8.26955784,24,72
2026-06-05 14:18:05.025763,47.00892215,8.26945565,24,72
2026-06-05 14:18:10.025763,47.00901314,8.26937332,24,72
2026-06-05 14:18:15.025763,47.00910682,8.26931183,24,72
2026-06-05 14:18:20.025763,47.00921009,8.26922201,24,72
2026-06-05 14:18:25.025763,47.00930462,8.26914412,24,72
2026-06-05 14:18:30.025763,47.00937381,8.2690495,24,72
2026-06-05 14:18:35.025763,47.00946561,8.26899015,24,72
2026-06-05 14:18:40.025763,47.00956548,8.26890344,24,72
2026-06-05 14:18:45.025763,47.00965769,8.26882532,24,72
2026-06-05 14:18:50.025763,47.00975843,8.26872358,24,72
2026-06-05 14:18:55.025763,47.00983227,8.26862436,24,72
2026-06-05 14:19:00.025763,47.00990258,8.26852368,24,72
2026-06-05 14:19:05.025763,47.00997437,8.26843758,24,72
2026-06-05 14:19:10.025763,47.01005811,8.26832558,24,72
2026-06-05 14:19:15.025763,47.01014289,8.26823217,24,72
2026-06-05 14:19:20.025763,47.01023927,8.26814533,24,72
2026-06-05 14:19:25.025763,47.01032255,8.26808799,24,72
2026-06-05 14:19:30.025763,47.01041954,8.26799849,24,72
2026-06-05 14:19:35.025763,47.01050729,8.2679277,24,72
2026-06-05 14:19:40.025763,47.01059621,8.26786841,24,72
2026-06-05 14:19:45.025763,47.01068952,8.26778478,24,72
2026-06-05 14:19:50.025763,47.01077791,8.26770451,24,72
2026-06-05 14:19:55.025763,47.01085527,8.26763416,24,72
2026-06-05 14:20:00.025763,47.01093102,8.26753711,24,72
2026-06-05 14:20:05.025763,47.01102394,8.26748496,24,72
2026-06-05 14:20:10.025763,47.01111925,8.26741258,24,72
2026-06-05 14:20:15.025763,47.01118802,8.26730654,24,72
2026-06-05 14:20:20.025763,47.0112601,8.2671774,24,72
2026-06-05 14:20:25.025763,47.01130976,8.26703058,24,72
2026-06-05 14:20:30.025763,47.01134696,8.26690396,24,72
2026-06-05 14:20:35.025763,47.0113809,8.26676097,24,72
2026-06-05 14:20:40.025763,47.01142006,8.26659743,24,72
2026-06-05 14:20:45.025763,47.01143025,8.26643613,24,72
2026-06-05 14:20:50.025763,47.01142793,8.26630091,24,72
2026-06-05 14:20:55.025763,47.01142524,8.266145,24,72
2026-06-05 14:21:00.025763,47.01150895,8.26605051,24,72
2026-06-05 14:21:05.025763,47.01161477,8.26604273,24,72
2026-06-05 14:21:10.025763,47.01170169,8.26611698,24,72
2026-06-05 14:21:15.025763,47.01179716,8.26615166,24,72
2026-06-05 14:21:20.025763,47.0118773,8.26604583,24,72
2026-06-05 14:21:25.025763,47.01196491,8.26593034,24,72
2026-06-05 14:21:30.025763,47.01206226,8.26580598,24,72
2026-06-05 14:21:35.025763,47.01216936,8.26574677,24,72
2026-06-05 14:21:40.025763,47.01227796,8.26566858,24,72
2026-06-05 14:21:45.025763,47.01237813,8.26555385,24,72
2026-06-05 14:21:50.025763,47.01247968,8.26543591,24,72
2026-06-05 14:21:55.025763,47.01257774,8.26532423,24,72
2026-06-05 14:22:00.025763,47.01266442,8.2652184,24,72
2026-06-05 14:22:05.025763,47.0127463,8.26511407,25,70
2026-06-05 14:22:10.025763,47.0128192,8.26499635,25,70
2026-06-05 14:22:15.025763,47.01287894,8.26489287,25,70
2026-06-05 14:22:20.025763,47.0129743,8.26481988,25,70
2026-06-05 14:22:25.025763,47.01306078,8.26474246,25,70
2026-06-05 14:22:30.025763,47.01314058,8.26466398,25,70
2026-06-05 14:22:35.025763,47.0132134,8.2645614,25,70
2026-06-05 14:22:40.025763,47.01328749,8.264475,25,70
2026-06-05 14:22:45.025763,47.01335745,8.26438088,25,70
2026-06-05 14:22:50.025763,47.01341917,8.26426014,25,70
2026-06-05 14:22:55.025763,47.01349951,8.2641341,25,70
2026-06-05 14:23:00.025763,47.01354758,8.26399869,25,70
2026-06-05 14:23:05.025763,47.01355701,8.26384182,25,70
2026-06-05 14:23:10.025763,47.01356274,8.26369046,25,70
2026-06-05 14:23:15.025763,47.01356467,8.26355071,25,70
2026-06-05 14:23:20.025763,47.0135786,8.2634039,25,70
2026-06-05 14:23:25.025763,47.01358856,8.26326586,25,70
2026-06-05 14:23:30.025763,47.01361053,8.26313603,25,70
2026-06-05 14:23:35.025763,47.01363036,8.26299403,25,70
2026-06-05 14:23:40.025763,47.01365856,8.26285973,25,70
2026-06-05 14:23:45.025763,47.01369302,8.26272838,25,70
2026-06-05 14:23:50.025763,47.0137374,8.26260158,25,70
2026-06-05 14:23:55.025763,47.01375364,8.26247101,25,70
2026-06-05 14:24:00.025763,47.01378627,8.26232905,25,70
2026-06-05 14:24:05.025763,47.0138053,8.26219359,25,70
2026-06-05 14:24:10.025763,47.01383814,8.26203348,25,70
2026-06-05 14:24:15.025763,47.01388516,8.26188112,25,70
2026-06-05 14:24:20.025763,47.01394672,8.26173403,25,70
2026-06-05 14:24:25.025763,47.0140118,8.26160564,25,70
2026-06-05 14:24:30.025763,47.01410312,8.26143629,25,70
2026-06-05 14:24:35.025763,47.0141877,8.26128262,25,70
2026-06-05 14:24:40.025763,47.01425195,8.26114406,25,70
2026-06-05 14:24:45.025763,47.01430434,8.26098332,25,70
2026-06-05 14:24:50.025763,47.01434632,8.26083522,25,70
2026-06-05 14:24:55.025763,47.01443142,8.26070788,25,70
2026-06-05 14:25:00.025763,47.01454553,8.26063549,25,70
2026-06-05 14:25:05.025763,47.01464142,8.26060906,25,70
2026-06-05 14:25:10.025763,47.01475116,8.26059024,25,70
2026-06-05 14:25:15.025763,47.01486162,8.2605629,25,70
2026-06-05 14:25:20.025763,47.01495784,8.26052689,25,70
2026-06-05 14:25:25.025763,47.01506862,8.26045868,25,70
2026-06-05 14:25:30.025763,47.01517711,8.26035935,25,70
2026-06-05 14:25:35.025763,47.0152548,8.26028754,25,70
2026-06-05 14:25:40.025763,47.01539002,8.26016523,25,70
2026-06-05 14:25:45.025763,47.0155057,8.26008637,25,70
2026-06-05 14:25:50.025763,47.01561819,8.26000883,25,70
2026-06-05 14:25:55.025763,47.01572445,8.25995245,25,70
2026-06-05 14:26:00.025763,47.0158373,8.25989185,25,70
2026-06-05 14:26:05.025763,47.0159425,8.25983192,25,70
2026-06-05 14:26:10.025763,47.01604679,8.2597722,25,70
2026-06-05 14:26:15.025763,47.01610437,8.2596707,25,70
2026-06-05 14:26:20.025763,47.01612327,8.25953289,25,70
2026-06-05 14:26:25.025763,47.01611949,8.25938793,25,70
2026-06-05 14:26:30.025763,47.01611923,8.2592549,25,70
2026-06-05 14:26:35.025763,47.0161208,8.25909685,25,70
2026-06-05 14:26:40.025763,47.01613566,8.25895919,25,70
2026-06-05 14:26:45.025763,47.01612655,8.25882758,25,70
2026-06-05 14:26:50.025763,47.01614875,8.25868246,25,70
2026-06-05 14:26:55.025763,47.01622602,8.25854897,25,70
2026-06-05 14:27:00.025763,47.01632596,8.2584592,25,70
2026-06-05 14:27:05.025763,47.01639109,8.25836029,25,70
2026-06-05 14:27:10.025763,47.01648845,8.25838707,25,70
2026-06-05 14:27:15.025763,47.01658216,8.25841874,25,70
2026-06-05 14:27:20.025763,47.01667637,8.25849524,25,70
2026-06-05 14:27:25.025763,47.01675329,8.25861457,25,70
2026-06-05 14:27:30.025763,47.01681911,8.25870745,25,70
2026-06-05 14:27:35.025763,47.01686066,8.25882711,25,70
2026-06-05 14:27:40.025763,47.01690309,8.25894934,25,70
2026-06-05 14:27:45.025763,47.01698182,8.25906976,25,70
2026-06-05 14:27:50.025763,47.01708048,8.25910077,25,70
2026-06-05 14:27:55.025763,47.01716506,8.25915161,25,70
2026-06-05 14:28:00.025763,47.01724696,8.25922823,25,70
2026-06-05 14:28:05.025763,47.01733886,8.25931206,25,70
2026-06-05 14:28:10.025763,47.01741469,8.25941616,25,70
2026-06-05 14:28:15.025763,47.01745655,8.25953337,25,70
2026-06-05 14:28:20.025763,47.01747706,8.2596859,25,70
2026-06-05 14:28:25.025763,47.01751874,8.25983658,25,70
2026-06-05 14:28:30.025763,47.01759643,8.25998398,25,70
2026-06-05 14:28:35.025763,47.01766255,8.2601366,25,70
2026-06-05 14:28:40.025763,47.01772747,8.26026121,25,70
2026-06-05 14:28:45.025763,47.01779479,8.26039504,25,70
2026-06-05 14:28:50.025763,47.0178519,8.26051319,25,70
2026-06-05 14:28:55.025763,47.01790575,8.26062302,25,70
2026-06-05 14:29:00.025763,47.01797587,8.26073823,25,70
2026-06-05 14:29:05.025763,47.01806491,8.26081208,25,70
2026-06-05 14:29:10.025763,47.01815564,8.26089078,25,70
2026-06-05 14:29:15.025763,47.01824641,8.26099764,25,70
2026-06-05 14:29:20.025763,47.01832804,8.26110554,25,70
2026-06-05 14:29:25.025763,47.01838603,8.26122129,25,70
2026-06-05 14:29:30.025763,47.01839038,8.26136648,25,70
2026-06-05 14:29:35.025763,47.01840725,8.26149804,25,70
2026-06-05 14:29:40.025763,47.01839659,8.26164496,25,70
2026-06-05 14:29:45.025763,47.01844317,8.26177807,25,70
2026-06-05 14:29:50.025763,47.0184776,8.26193558,25,70
2026-06-05 14:29:55.025763,47.01852866,8.26208309,25,70
2026-06-05 14:30:00.025763,47.01859086,8.26222564,25,70
2026-06-05 14:30:05.025763,47.01863346,8.2623463,25,70
2026-06-05 14:30:10.025763,47.01868073,8.26249385,25,70
2026-06-05 14:30:15.025763,47.01864385,8.26266045,25,70
2026-06-05 14:30:20.025763,47.01862135,8.26283116,25,70
2026-06-05 14:30:25.025763,47.01859442,8.26299904,25,70
2026-06-05 14:30:30.025763,47.01860156,8.2631818,25,70
2026-06-05 14:30:35.025763,47.01863355,8.26336295,25,70
2026-06-05 14:30:40.025763,47.01866341,8.26352704,25,70
2026-06-05 14:30:45.025763,47.01867224,8.26368007,25,70
2026-06-05 14:30:50.025763,47.01862392,8.26383223,25,70
2026-06-05 14:30:55.025763,47.01852336,8.26397353,25,70
2026-06-05 14:31:00.025763,47.0184204,8.26413511,25,70
2026-06-05 14:31:05.025763,47.01836067,8.2643592,25,70
2026-06-05 14:31:10.025763,47.01834479,8.2644922,25,70
2026-06-05 14:31:15.025763,47.01833607,8.26463283,25,70
2026-06-05 14:31:20.025763,47.01833134,8.26477832,25,70
2026-06-05 14:31:25.025763,47.01832985,8.26492379,25,70
2026-06-05 14:31:30.025763,47.01832714,8.26505951,25,70
2026-06-05 14:31:35.025763,47.01830679,8.26531304,25,70
2026-06-05 14:31:40.025763,47.01827692,8.26553737,25,70
2026-06-05 14:31:45.025763,47.01824085,8.26575373,25,70
2026-06-05 14:31:50.025763,47.01817781,8.26598133,25,70
2026-06-05 14:31:55.025763,47.01812522,8.26620561,25,70
2026-06-05 14:32:00.025763,47.01813589,8.2664184,25,70
2026-06-05 14:32:05.025763,47.01820403,8.26660109,25,70
2026-06-05 14:32:10.025763,47.01825124,8.26676952,25,70
2026-06-05 14:32:15.025763,47.01825289,8.26694001,25,70
2026-06-05 14:32:20.025763,47.01822733,8.26712138,25,70
2026-06-05 14:32:25.025763,47.0181697,8.26732226,25,70
2026-06-05 14:32:30.025763,47.01812475,8.26749778,25,70
2026-06-05 14:32:35.025763,47.01814741,8.26768609,25,70
2026-06-05 14:32:40.025763,47.01818095,8.26786293,25,70
2026-06-05 14:32:45.025763,47.01815605,8.26805498,25,70
2026-06-05 14:32:50.025763,47.01809299,8.26822452,25,70
2026-06-05 14:32:55.025763,47.0180411,8.26838285,25,70
2026-06-05 14:33:00.025763,47.01799381,8.26853492,25,70
2026-06-05 14:33:05.025763,47.01795441,8.26867412,25,70
2026-06-05 14:33:10.025763,47.01791474,8.26880617,25,70
2026-06-05 14:33:15.025763,47.01787864,8.26893574,25,70
2026-06-05 14:33:20.025763,47.01780509,8.26909975,25,70
2026-06-05 14:33:25.025763,47.01771974,8.26924559,25,70
2026-06-05 14:33:30.025763,47.01764263,8.26939026,25,70
2026-06-05 14:33:35.025763,47.01758001,8.26949039,25,70
2026-06-05 14:33:40.025763,47.01751169,8.26959473,25,70
2026-06-05 14:33:45.025763,47.01743786,8.26971586,25,70
2026-06-05 14:33:50.025763,47.01736362,8.26984241,25,70
2026-06-05 14:33:55.025763,47.01727119,8.26996086,25,70
2026-06-05 14:34:00.025763,47.01718393,8.27008653,25,70
2026-06-05 14:34:05.025763,47.01710212,8.27022159,25,70
2026-06-05 14:34:10.025763,47.01701438,8.27034531,25,70
2026-06-05 14:34:15.025763,47.01691526,8.2704498,25,70
2026-06-05 14:34:20.025763,47.01680111,8.27049213,25,70
2026-06-05 14:34:25.025763,47.01668515,8.27043338,25,70
2026-06-05 14:34:30.025763,47.01662095,8.27025852,25,70
2026-06-05 14:34:35.025763,47.01656054,8.27005877,25,70
2026-06-05 14:34:40.025763,47.01649294,8.26990444,25,70
2026-06-05 14:34:45.025763,47.01639822,8.26977039,25,70
2026-06-05 14:34:50.025763,47.0162875,8.26965283,25,70
2026-06-05 14:34:55.025763,47.01616151,8.26963839,25,70
2026-06-05 14:35:00.025763,47.01603911,8.26978189,25,70
2026-06-05 14:35:05.025763,47.01601225,8.26995595,25,70
2026-06-05 14:35:10.025763,47.01600648,8.27009309,25,70
2026-06-05 14:35:15.025763,47.01601712,8.27026094,25,70
2026-06-05 14:35:20.025763,47.01600343,8.27040509,25,70
2026-06-05 14:35:25.025763,47.01595138,8.27053004,25,70
2026-06-05 14:35:30.025763,47.01588849,8.27066512,25,70
2026-06-05 14:35:35.025763,47.015828,8.27078494,25,70
2026-06-05 14:35:40.025763,47.01580223,8.27092822,25,70
2026-06-05 14:35:45.025763,47.0157653,8.27106548,25,70
2026-06-05 14:35:50.025763,47.01574649,8.27122173,25,70
2026-06-05 14:35:55.025763,47.01569533,8.27133436,25,70
2026-06-05 14:36:00.025763,47.01564299,8.27145516,25,70
2026-06-05 14:36:05.025763,47.01557286,8.27157406,25,70
2026-06-05 14:36:10.025763,47.01550859,8.27168612,25,70
2026-06-05 14:36:15.025763,47.015451,8.27179988,25,70
2026-06-05 14:36:20.025763,47.01536372,8.27193483,25,70
2026-06-05 14:36:25.025763,47.01525958,8.27208149,25,70
2026-06-05 14:36:30.025763,47.01521321,8.27219818,25,70
2026-06-05 14:36:35.025763,47.01519645,8.27233754,25,70
2026-06-05 14:36:40.025763,47.01519601,8.27251013,25,70
2026-06-05 14:36:45.025763,47.01520676,8.27266089,25,70
2026-06-05 14:36:50.025763,47.01518901,8.27280324,25,70
2026-06-05 14:36:55.025763,47.01513525,8.272938,25,70
2026-06-05 14:37:00.025763,47.01507292,8.27305782,25,70
2026-06-05 14:37:05.025763,47.01501559,8.27317804,25,70
2026-06-05 14:37:10.025763,47.01495859,8.27329576,25,70
2026-06-05 14:37:15.025763,47.01490122,8.27340914,25,70
2026-06-05 14:37:20.025763,47.01485505,8.27353102,25,70
2026-06-05 14:37:25.025763,47.0148247,8.27366568,25,70
2026-06-05 14:37:30.025763,47.01482228,8.27381642,25,70
2026-06-05 14:37:35.025763,47.01483893,8.27396127,25,70
2026-06-05 14:37:40.025763,47.0148643,8.2741078,25,70
2026-06-05 14:37:45.025763,47.0148904,8.27425153,25,70
2026-06-05 14:37:50.025763,47.01491123,8.27439025,25,70
2026-06-05 14:37:55.025763,47.01493367,8.27452981,25,70
2026-06-05 14:38:00.025763,47.01496423,8.27467288,25,70
2026-06-05 14:38:05.025763,47.01499667,8.27480752,25,70
2026-06-05 14:38:10.025763,47.01503928,8.27494976,25,70
2026-06-05 14:38:15.025763,47.0150818,8.27511546,25,70
2026-06-05 14:38:20.025763,47.01514453,8.27538293,25,70
2026-06-05 14:38:25.025763,47.01516755,8.27551928,25,70
2026-06-05 14:38:30.025763,47.01518264,8.27566907,26.5,65
2026-06-05 14:38:35.025763,47.01518516,8.27582077,26.5,65
2026-06-05 14:38:40.025763,47.01516991,8.27597793,26.5,65
2026-06-05 14:38:45.025763,47.01516365,8.27614105,26.5,65
2026-06-05 14:38:50.025763,47.01517904,8.27630251,26.5,65
2026-06-05 14:38:55.025763,47.01521981,8.27645968,26.5,65
2026-06-05 14:39:00.025763,47.01527519,8.2766055,26.5,65
2026-06-05 14:39:05.025763,47.0153318,8.27673699,26.5,65
2026-06-05 14:39:10.025763,47.01538227,8.27686327,26.5,65
2026-06-05 14:39:15.025763,47.01542616,8.27698482,26.5,65
2026-06-05 14:39:20.025763,47.01546327,8.27711564,26.5,65
2026-06-05 14:39:25.025763,47.01549273,8.27726436,26.5,65
2026-06-05 14:39:30.025763,47.01551182,8.27742298,26.5,65
2026-06-05 14:39:35.025763,47.0155211,8.27757693,26.5,65
2026-06-05 14:39:40.025763,47.015526,8.27771057,26.5,65
2026-06-05 14:39:45.025763,47.01552181,8.2778442,26.5,65
2026-06-05 14:39:50.025763,47.01550021,8.2779923,26.5,65
2026-06-05 14:39:55.025763,47.01546407,8.27814161,26.5,65
2026-06-05 14:40:00.025763,47.01542673,8.27830063,26.5,65
2026-06-05 14:40:05.025763,47.01539282,8.27847594,26.5,65
2026-06-05 14:40:10.025763,47.01536589,8.27863906,26.5,65
2026-06-05 14:40:15.025763,47.01533883,8.27879167,26.5,65
2026-06-05 14:40:20.025763,47.01531341,8.27893392,26.5,65
2026-06-05 14:40:25.025763,47.0152718,8.27917263,26.5,65
2026-06-05 14:40:30.025763,47.01520472,8.27936316,26.5,65
2026-06-05 14:40:35.025763,47.01507355,8.27947314,26.5,65
2026-06-05 14:40:40.025763,47.01494637,8.27951595,26.5,65
2026-06-05 14:40:45.025763,47.01487275,8.27962276,26.5,65
2026-06-05 14:40:50.025763,47.01489901,8.2797948,26.5,65
2026-06-05 14:40:55.025763,47.01495536,8.2799527,26.5,65
2026-06-05 14:41:00.025763,47.01498144,8.2801136,26.5,65
2026-06-05 14:41:05.025763,47.01499422,8.28033281,26.5,65
2026-06-05 14:41:10.025763,47.01493333,8.28061566,26.5,65
2026-06-05 14:41:15.025763,47.01488161,8.28074759,26.5,65
2026-06-05 14:41:20.025763,47.01482976,8.28087897,26.5,65
2026-06-05 14:41:25.025763,47.01477928,8.28099957,26.5,65
2026-06-05 14:41:30.025763,47.01468193,8.28120989,26.5,65
2026-06-05 14:41:35.025763,47.01460112,8.28142414,26.5,65
2026-06-05 14:41:40.025763,47.01457439,8.28163051,26.5,65
2026-06-05 14:41:45.025763,47.01465026,8.2818701,26.5,65
2026-06-05 14:41:50.025763,47.01471214,8.28198584,26.5,65
2026-06-05 14:41:55.025763,47.01476833,8.28209645,26.5,65
2026-06-05 14:42:00.025763,47.01486288,8.28228083,26.5,65
2026-06-05 14:42:05.025763,47.0149931,8.28241606,26.5,65
2026-06-05 14:42:10.025763,47.01508637,8.28243068,26.5,65
2026-06-05 14:42:15.025763,47.01518368,8.28240625,26.5,65
2026-06-05 14:42:20.025763,47.01527152,8.28234396,26.5,65
2026-06-05 14:42:25.025763,47.01535466,8.28224028,26.5,65
2026-06-05 14:42:30.025763,47.0154212,8.28212785,26.5,65
2026-06-05 14:42:35.025763,47.01548662,8.28202499,26.5,65
2026-06-05 14:42:40.025763,47.01555129,8.28192109,26.5,65
2026-06-05 14:42:45.025763,47.01560913,8.28181378,26.5,65
2026-06-05 14:42:50.025763,47.01565552,8.28169608,26.5,65
2026-06-05 14:42:55.025763,47.01569138,8.28156577,26.5,65
2026-06-05 14:43:00.025763,47.01572284,8.28143069,26.5,65
2026-06-05 14:43:05.025763,47.01575658,8.28129627,26.5,65
2026-06-05 14:43:10.025763,47.0157925,8.28116868,26.5,65
2026-06-05 14:43:15.025763,47.01585536,8.28093946,26.5,65
2026-06-05 14:43:20.025763,47.01592013,8.28072375,26.5,65
2026-06-05 14:43:25.025763,47.01601171,8.28049037,26.5,65
2026-06-05 14:43:30.025763,47.0160645,8.2803784,26.5,65
2026-06-05 14:43:35.025763,47.01614776,8.28025023,26.5,65
2026-06-05 14:43:40.025763,47.01623956,8.28011419,26.5,65
2026-06-05 14:43:45.025763,47.0163337,8.27997246,26.5,65
2026-06-05 14:43:50.025763,47.01642632,8.27982894,26.5,65
2026-06-05 14:43:55.025763,47.01651636,8.27968878,26.5,65
2026-06-05 14:44:00.025763,47.01660181,8.27955543,26.5,65
2026-06-05 14:44:05.025763,47.01667679,8.27943528,26.5,65
2026-06-05 14:44:10.025763,47.01674216,8.27932999,26.5,65
2026-06-05 14:44:15.025763,47.01684575,8.27916102,26.5,65
2026-06-05 14:44:20.025763,47.01692493,8.27905311,26.5,65
2026-06-05 14:44:25.025763,47.01703394,8.2790378,26.5,65
2026-06-05 14:44:30.025763,47.01715178,8.27913994,26.5,65
2026-06-05 14:44:35.025763,47.01723463,8.27924142,26.5,65
2026-06-05 14:44:40.025763,47.01732887,8.27934911,26.5,65
2026-06-05 14:44:45.025763,47.01741193,8.27944543,26.5,65
2026-06-05 14:44:50.025763,47.01748739,8.27953995,26.5,65
2026-06-05 14:44:55.025763,47.01755366,8.27964971,26.5,65
2026-06-05 14:45:00.025763,47.0176092,8.27977697,26.5,65
2026-06-05 14:45:05.025763,47.01766426,8.27991951,26.5,65
2026-06-05 14:45:10.025763,47.01768808,8.28004964,26.5,65
2026-06-05 14:45:15.025763,47.01769578,8.28018454,26.5,65
2026-06-05 14:45:20.025763,47.01768144,8.28032886,26.5,65
2026-06-05 14:45:25.025763,47.01765861,8.28049399,26.5,65
2026-06-05 14:45:30.025763,47.01765732,8.28065158,26.5,65
2026-06-05 14:45:35.025763,47.01771091,8.28078052,26.5,65
2026-06-05 14:45:40.025763,47.01778717,8.28088402,26.5,65
2026-06-05 14:45:45.025763,47.01788121,8.2809987,26.5,65
2026-06-05 14:45:50.025763,47.01801276,8.28114065,26.5,65
2026-06-05 14:45:55.025763,47.01808801,8.28121769,26.5,65
2026-06-05 14:46:00.025763,47.01816958,8.28129852,26.5,65
2026-06-05 14:46:05.025763,47.01824874,8.28137841,26.5,65
2026-06-05 14:46:10.025763,47.01832756,8.28144975,26.5,65
2026-06-05 14:46:15.025763,47.0184686,8.28156032,26.5,65
2026-06-05 14:46:20.025763,47.01856986,8.28164691,26.5,65
2026-06-05 14:46:25.025763,47.01864664,8.28172584,26.5,65
2026-06-05 14:46:30.025763,47.01876346,8.28168448,26.5,65
2026-06-05 14:46:35.025763,47.01885724,8.28161926,26.5,65
2026-06-05 14:46:40.025763,47.01897409,8.28151476,26.5,65
2026-06-05 14:46:45.025763,47.01910335,8.28137358,26.5,65
2026-06-05 14:46:50.025763,47.01922912,8.28125551,26.5,65
2026-06-05 14:46:55.025763,47.01935939,8.28116371,26.5,65
2026-06-05 14:47:00.025763,47.01948254,8.28108189,26.5,65
2026-06-05 14:47:05.025763,47.01960695,8.28092985,26.5,65
2026-06-05 14:47:10.025763,47.01967374,8.2808334,26.5,65
2026-06-05 14:47:15.025763,47.01973925,8.28074066,26.5,65
2026-06-05 14:47:20.025763,47.01987027,8.28059994,26.5,65
2026-06-05 14:47:25.025763,47.02001101,8.28053181,26.5,65
2026-06-05 14:47:30.025763,47.02016872,8.28047769,26.5,65
2026-06-05 14:47:35.025763,47.0203361,8.2804471,26.5,65
2026-06-05 14:47:40.025763,47.02051116,8.28044467,26.5,65
2026-06-05 14:47:45.025763,47.02068859,8.280439,26.5,65
2026-06-05 14:47:50.025763,47.02086449,8.2804223,26.5,65
2026-06-05 14:47:55.025763,47.02102682,8.28033912,26.5,65
2026-06-05 14:48:00.025763,47.02117948,8.28026781,26.5,65
2026-06-05 14:48:05.025763,47.02132777,8.28025251,26.5,65
2026-06-05 14:48:10.025763,47.02148262,8.28029003,26.5,65
2026-06-05 14:48:15.025763,47.02163976,8.28039888,26.5,65
2026-06-05 14:48:20.025763,47.02171571,8.28049229,26.5,65
2026-06-05 14:48:25.025763,47.02179593,8.28059291,26.5,65
2026-06-05 14:48:30.025763,47.02187437,8.28068806,26.5,65
2026-06-05 14:48:35.025763,47.02194554,8.28078675,26.5,65
2026-06-05 14:48:40.025763,47.02200308,8.28088906,26.5,65
2026-06-05 14:48:45.025763,47.02209402,8.28108142,26.5,65
2026-06-05 14:48:50.025763,47.0221502,8.28119972,26.5,65
2026-06-05 14:48:55.025763,47.0222505,8.28124238,26.5,65
2026-06-05 14:49:00.025763,47.02221318,8.28109387,26.5,65
2026-06-05 14:49:05.025763,47.0221335,8.28095145,26.5,65
2026-06-05 14:49:10.025763,47.02206591,8.28082357,26.5,65
2026-06-05 14:49:15.025763,47.02205775,8.28067422,26.5,65
2026-06-05 14:49:20.025763,47.02216481,8.28063493,26.5,65
2026-06-05 14:49:25.025763,47.02227007,8.28063977,26.5,65
2026-06-05 14:49:30.025763,47.02238779,8.28066785,26.5,65
2026-06-05 14:49:35.025763,47.02248938,8.28061342,26.5,65
2026-06-05 14:49:40.025763,47.0225473,8.28048531,26.5,65
2026-06-05 14:49:45.025763,47.02261526,8.28034509,26.5,65
2026-06-05 14:49:50.025763,47.02271019,8.2803096,26.5,65
2026-06-05 14:49:55.025763,47.02281495,8.28027001,26.5,65
2026-06-05 14:50:00.025763,47.02291872,8.28020453,26.5,65
2026-06-05 14:50:05.025763,47.02300769,8.28013536,26.5,65
2026-06-05 14:50:10.025763,47.0231156,8.28006376,26.5,65
2026-06-05 14:50:15.025763,47.02320432,8.28001666,26.5,65
2026-06-05 14:50:20.025763,47.02329238,8.27998656,26.5,65
2026-06-05 14:50:25.025763,47.02338458,8.27995867,26.5,65
2026-06-05 14:50:30.025763,47.02344874,8.27984092,26.5,65
2026-06-05 14:50:35.025763,47.02347076,8.27969201,26.5,65
2026-06-05 14:50:40.025763,47.02355069,8.27957808,26.5,65
2026-06-05 14:50:45.025763,47.02363086,8.27948694,26.5,65
2026-06-05 14:50:50.025763,47.02374019,8.27948763,26.5,65
2026-06-05 14:50:55.025763,47.02385838,8.27957117,26.5,65
2026-06-05 14:51:00.025763,47.02397357,8.27963313,26.5,65
2026-06-05 14:51:05.025763,47.02410288,8.27971943,26.5,65
2026-06-05 14:51:10.025763,47.0242506,8.27979908,26.5,65
2026-06-05 14:51:15.025763,47.02434731,8.27986988,26.5,65
2026-06-05 14:51:20.025763,47.0244909,8.27990523,26.5,65
2026-06-05 14:51:25.025763,47.02461576,8.27989024,26.5,65
2026-06-05 14:51:30.025763,47.02474718,8.27984556,26.5,65
2026-06-05 14:51:35.025763,47.02485586,8.27980957,26.5,65
2026-06-05 14:51:40.025763,47.02496602,8.27975055,26.5,65
2026-06-05 14:51:45.025763,47.02507251,8.27968097,26.5,65
2026-06-05 14:51:50.025763,47.02517661,8.27961348,26.5,65
2026-06-05 14:51:55.025763,47.02528006,8.27955338,26.5,65
2026-06-05 14:52:00.025763,47.02537558,8.27951235,26.5,65
2026-06-05 14:52:05.025763,47.02549463,8.27948434,26.5,65
2026-06-05 14:52:10.025763,47.02557149,8.27948096,26.5,65
2026-06-05 14:52:15.025763,47.02573057,8.27946017,26.5,65
2026-06-05 14:52:20.025763,47.02575204,8.27945907,26.5,65
2026-06-05 14:52:25.025763,47.02577198,8.27945662,26.5,65
2026-06-05 14:52:30.025763,47.02579076,8.27945573,26.5,65
2026-06-05 14:52:35.025763,47.02590796,8.27949088,26.5,65
2026-06-05 14:52:40.025763,47.02600467,8.27953878,26.5,65
2026-06-05 14:52:45.025763,47.02609187,8.27960002,26.5,65
2026-06-05 14:52:50.025763,47.02621328,8.27967693,26.5,65
2026-06-05 14:52:55.025763,47.02631033,8.27975993,26.5,65
2026-06-05 14:53:00.025763,47.02643125,8.2798958,26.5,65
2026-06-05 14:53:05.025763,47.02655621,8.28002153,26.5,65
2026-06-05 14:53:10.025763,47.02665447,8.28014027,26.5,65
2026-06-05 14:53:15.025763,47.02674063,8.28028642,26.5,65
2026-06-05 14:53:20.025763,47.02682412,8.28042959,26.5,65
2026-06-05 14:53:25.025763,47.02688637,8.28055479,26.5,65
2026-06-05 14:53:30.025763,47.02698934,8.28065411,26.5,65
2026-06-05 14:53:35.025763,47.0271001,8.28059691,26.5,65
2026-06-05 14:53:40.025763,47.02720154,8.28055063,26.5,65
2026-06-05 14:53:45.025763,47.02729749,8.28050528,26.5,65
2026-06-05 14:53:50.025763,47.0273056,8.28031957,26.5,65
2026-06-05 14:53:55.025763,47.02731044,8.28015414,26.5,65
2026-06-05 14:54:00.025763,47.02730651,8.27996826,26.5,65
2026-06-05 14:54:05.025763,47.02729615,8.27979835,26.5,65
2026-06-05 14:54:10.025763,47.02728034,8.27966814,26.5,65
2026-06-05 14:54:15.025763,47.02726375,8.27952785,26.5,65
2026-06-05 14:54:20.025763,47.02731346,8.27939207,26.5,65
2026-06-05 14:54:25.025763,47.02740772,8.27932021,26.5,65
2026-06-05 14:54:30.025763,47.02752334,8.27924016,26.5,65
2026-06-05 14:54:35.025763,47.02762376,8.2792336,26.5,65
2026-06-05 14:54:40.025763,47.02770175,8.27933124,26.5,65
2026-06-05 14:54:45.025763,47.02779499,8.27937322,26.5,65
2026-06-05 14:54:50.025763,47.02790081,8.27928175,26.5,65
2026-06-05 14:54:55.025763,47.02796745,8.27916576,26.5,65
2026-06-05 14:55:00.025763,47.02803676,8.27900786,26.5,65
2026-06-05 14:55:05.025763,47.02811214,8.27889883,26.5,65
2026-06-05 14:55:10.025763,47.02818445,8.27879048,26.5,65
2026-06-05 14:55:15.025763,47.02827877,8.27868408,26.5,65
2026-06-05 14:55:20.025763,47.0283792,8.27861676,26.5,65
2026-06-05 14:55:25.025763,47.02850674,8.27860154,26.5,65
2026-06-05 14:55:30.025763,47.02863685,8.27858434,26.5,65
2026-06-05 14:55:35.025763,47.02874929,8.27859531,26.5,65
2026-06-05 14:55:40.025763,47.02888687,8.2786036,26.5,65
2026-06-05 14:55:45.025763,47.02897826,8.27860676,26.5,65
2026-06-05 14:55:50.025763,47.02909251,8.27861035,26.5,65
2026-06-05 14:55:55.025763,47.02918203,8.27858881,26.5,65
2026-06-05 14:56:00.025763,47.02926373,8.27867483,26.5,65
2026-06-05 14:56:05.025763,47.02932049,8.27882548,26.5,65
2026-06-05 14:56:10.025763,47.02941038,8.27885673,26.5,65
2026-06-05 14:56:15.025763,47.02949587,8.27898194,26.5,65
2026-06-05 14:56:20.025763,47.02958346,8.27910002,26.5,65
2026-06-05 14:56:25.025763,47.02960803,8.27923289,26.5,65
2026-06-05 14:56:30.025763,47.0295458,8.27934216,26.5,65
2026-06-05 14:56:35.025763,47.02945068,8.279473,26.5,65
2026-06-05 14:56:40.025763,47.02938531,8.27963348,26.5,65
2026-06-05 14:56:45.025763,47.02942383,8.27977383,26.5,65
2026-06-05 14:56:50.025763,47.02952482,8.27989649,26.5,65
2026-06-05 14:56:55.025763,47.02961284,8.28003255,26.5,65
2026-06-05 14:57:00.025763,47.0296916,8.28021621,26.5,65
2026-06-05 14:57:05.025763,47.02976467,8.28044193,26.5,65
2026-06-05 14:57:10.025763,47.02982742,8.28067866,26.5,65
2026-06-05 14:57:15.025763,47.02987844,8.28088375,26.5,65
2026-06-05 14:57:20.025763,47.0299226,8.28103828,26.5,65
2026-06-05 14:57:25.025763,47.0299413,8.28121784,26.5,65
2026-06-05 14:57:30.025763,47.02994199,8.28138503,26.5,65
2026-06-05 14:57:35.025763,47.02999239,8.28159163,26.5,65
2026-06-05 14:57:40.025763,47.03005719,8.28180426,26.5,65
2026-06-05 14:57:45.025763,47.03011098,8.28201523,26.5,65
2026-06-05 14:57:50.025763,47.03015568,8.28223744,26.5,65
2026-06-05 14:57:55.025763,47.03019931,8.28245022,26.5,65
2026-06-05 14:58:00.025763,47.03024363,8.28265882,26.5,65
2026-06-05 14:58:05.025763,47.03027759,8.28285546,26.5,65
2026-06-05 14:58:10.025763,47.03031627,8.28304105,26.5,65
2026-06-05 14:58:15.025763,47.03037592,8.2832366,26.5,65
2026-06-05 14:58:20.025763,47.03046782,8.28342668,26.5,65
2026-06-05 14:58:25.025763,47.0305316,8.28353926,26.5,65
2026-06-05 14:58:30.025763,47.03056654,8.28367191,26.5,65
2026-06-05 14:58:35.025763,47.03049258,8.28374854,26.5,65
2026-06-05 14:58:40.025763,47.0303932,8.28383641,26.5,65
2026-06-05 14:58:45.025763,47.03030392,8.28393493,26.5,65
2026-06-05 14:58:50.025763,47.03021615,8.28404121,26.5,65
2026-06-05 14:58:55.025763,47.03015703,8.28414883,26.5,65
2026-06-05 14:59:00.025763,47.03013556,8.28428684,26.5,65
2026-06-05 14:59:05.025763,47.03010556,8.28443253,26.5,65
2026-06-05 14:59:10.025763,47.03004988,8.28455453,26.5,65
2026-06-05 14:59:15.025763,47.02999715,8.28467523,26.5,65
2026-06-05 14:59:20.025763,47.02994337,8.28478924,26.5,65
2026-06-05 14:59:25.025763,47.0298778,8.28490419,26.5,65
2026-06-05 14:59:30.025763,47.02981751,8.28501793,26.5,65
2026-06-05 14:59:35.025763,47.02976156,8.28513283,26.5,65
2026-06-05 14:59:40.025763,47.02970976,8.28524589,26.5,65
2026-06-05 14:59:45.025763,47.02965485,8.28536183,26.5,65
2026-06-05 14:59:50.025763,47.02959821,8.28548231,26.5,65
2026-06-05 14:59:55.025763,47.02953971,8.28560061,26.5,65
2026-06-05 15:00:00.025763,47.02948114,8.28572317,26.5,65
2026-06-05 15:00:05.025763,47.02942079,8.2858406,26.5,65
2026-06-05 15:00:10.025763,47.02935914,8.28596908,26.5,65
2026-06-05 15:00:15.025763,47.0292916,8.28610364,26.5,65
2026-06-05 15:00:20.025763,47.02922247,8.28623831,26.5,65
2026-06-05 15:00:25.025763,47.02915376,8.28636933,26.5,65
2026-06-05 15:00:30.025763,47.02908061,8.28650625,26.5,65
2026-06-05 15:00:35.025763,47.02900996,8.2866416,26.5,65
2026-06-05 15:00:40.025763,47.02894017,8.286787,26.5,65
2026-06-05 15:00:45.025763,47.02886932,8.28692657,26.5,65
2026-06-05 15:00:50.025763,47.02879733,8.28706913,26.5,65
2026-06-05 15:00:55.025763,47.02872636,8.28721787,26.5,65
2026-06-05 15:01:00.025763,47.028653,8.28736835,26.5,65
2026-06-05 15:01:05.025763,47.02857665,8.28751562,26.5,65
2026-06-05 15:01:10.025763,47.02850606,8.28765798,26.5,65
2026-06-05 15:01:15.025763,47.02842657,8.28778859,26.5,65
2026-06-05 15:01:20.025763,47.02833559,8.2879053,26.5,65
2026-06-05 15:01:25.025763,47.02823405,8.28802816,26.5,65
2026-06-05 15:01:30.025763,47.02812629,8.28813083,26.5,65
2026-06-05 15:01:35.025763,47.02801875,8.28820197,26.5,65
2026-06-05 15:01:40.025763,47.02788532,8.28820989,26.5,65
2026-06-05 15:01:45.025763,47.02776492,8.28821919,26.5,65
2026-06-05 15:01:50.025763,47.02766973,8.28823803,26.5,65
2026-06-05 15:01:55.025763,47.02757733,8.28827126,26.5,65
2026-06-05 15:02:00.025763,47.02749487,8.28834963,26.5,65
2026-06-05 15:02:05.025763,47.02742865,8.28845171,26.5,65
2026-06-05 15:02:10.025763,47.02736477,8.28855429,26.5,65
2026-06-05 15:02:15.025763,47.02729457,8.28864187,26.5,65
2026-06-05 15:02:20.025763,47.02722719,8.28874172,26.5,65
2026-06-05 15:02:25.025763,47.02716819,8.28884613,26.5,65
2026-06-05 15:02:30.025763,47.02712718,8.28897603,26.5,65
2026-06-05 15:02:35.025763,47.02707441,8.28910299,26.5,65
2026-06-05 15:02:40.025763,47.02699761,8.28919599,26.5,65
2026-06-05 15:02:45.025763,47.02696814,8.28933651,26.5,65
2026-06-05 15:02:50.025763,47.0269018,8.28944831,26.5,65
2026-06-05 15:02:55.025763,47.02683681,8.28955686,26.5,65
2026-06-05 15:03:00.025763,47.02675564,8.28964607,26.5,65
2026-06-05 15:03:05.025763,47.02666621,8.2897198,26.5,65
2026-06-05 15:03:10.025763,47.02659925,8.28981634,27,80
2026-06-05 15:03:15.025763,47.026522,8.28990512,27,80
2026-06-05 15:03:20.025763,47.02643097,8.28997068,27,80
2026-06-05 15:03:25.025763,47.02634635,8.29002155,27,80
2026-06-05 15:03:30.025763,47.02627836,8.29010912,27,80
2026-06-05 15:03:35.025763,47.02620937,8.29019897,27,80
2026-06-05 15:03:40.025763,47.02613201,8.2902929,27,80
2026-06-05 15:03:45.025763,47.02605363,8.29038516,27,80
2026-06-05 15:03:50.025763,47.02598512,8.2904816,27,80
2026-06-05 15:03:55.025763,47.0259075,8.29057478,27,80
2026-06-05 15:04:00.025763,47.02582846,8.29066253,27,80
2026-06-05 15:04:05.025763,47.02574146,8.29074146,27,80
2026-06-05 15:04:10.025763,47.02564982,8.29077943,27,80
2026-06-05 15:04:15.025763,47.02556621,8.29083247,27,80
2026-06-05 15:04:20.025763,47.02548659,8.2908982,27,80
2026-06-05 15:04:25.025763,47.02539313,8.29091895,27,80
2026-06-05 15:04:30.025763,47.02530684,8.29098232,27,80
2026-06-05 15:04:35.025763,47.02522282,8.29103626,27,80
2026-06-05 15:04:40.025763,47.02512652,8.29107746,27,80
2026-06-05 15:04:45.025763,47.02503047,8.29109298,27,80
2026-06-05 15:04:50.025763,47.0249291,8.29110093,27,80
2026-06-05 15:04:55.025763,47.02483749,8.29112738,27,80
2026-06-05 15:05:00.025763,47.02475004,8.29116758,27,80
2026-06-05 15:05:05.025763,47.02466025,8.29120486,27,80
2026-06-05 15:05:10.025763,47.02457077,8.29122985,27,80
2026-06-05 15:05:15.025763,47.02448179,8.29128946,27,80
2026-06-05 15:05:20.025763,47.02439631,8.29133887,27,80
2026-06-05 15:05:25.025763,47.02431171,8.29138892,27,80
2026-06-05 15:05:30.025763,47.0242205,8.2914457,27,80
2026-06-05 15:05:35.025763,47.02413526,8.29151045,27,80
2026-06-05 15:05:40.025763,47.02405621,8.29157868,27,80
2026-06-05 15:05:45.025763,47.02397615,8.29164923,27,80
2026-06-05 15:05:50.025763,47.02390278,8.29172878,27,80
2026-06-05 15:05:55.025763,47.02380891,8.29177582,27,80
2026-06-05 15:06:00.025763,47.02372606,8.29184402,27,80
2026-06-05 15:06:05.025763,47.02363158,8.29188956,27,80
2026-06-05 15:06:10.025763,47.02355521,8.29196569,27,80
2026-06-05 15:06:15.025763,47.02347544,8.29205297,27,80
2026-06-05 15:06:20.025763,47.02339336,8.29212967,27,80
2026-06-05 15:06:25.025763,47.02331203,8.29218653,27,80
2026-06-05 15:06:30.025763,47.02323879,8.29228899,27,80
2026-06-05 15:06:35.025763,47.02315848,8.29234905,27,80
2026-06-05 15:06:40.025763,47.02308621,8.29243125,27,80
2026-06-05 15:06:45.025763,47.02304255,8.29255149,27,80
2026-06-05 15:06:50.025763,47.02296049,8.29263879,27,80
2026-06-05 15:06:55.025763,47.02291557,8.29275776,27,80
2026-06-05 15:07:00.025763,47.02285527,8.29285691,27,80
2026-06-05 15:07:05.025763,47.02280483,8.29297735,27,80
2026-06-05 15:07:10.025763,47.02274278,8.29308326,27,80
2026-06-05 15:07:15.025763,47.02267997,8.29320125,27,80
2026-06-05 15:07:20.025763,47.02262013,8.29332157,27,80
2026-06-05 15:07:25.025763,47.02256579,8.29344294,27,80
2026-06-05 15:07:30.025763,47.02248924,8.29355659,27,80
2026-06-05 15:07:35.025763,47.02242991,8.29366658,27,80
2026-06-05 15:07:40.025763,47.02238121,8.29379311,27,80
2026-06-05 15:07:45.025763,47.02233493,8.29392171,27,80
2026-06-05 15:07:50.025763,47.02230374,8.29405593,27,80
2026-06-05 15:07:55.025763,47.02221478,8.2941337,27,80
2026-06-05 15:08:00.025763,47.02212003,8.29415956,27,80
2026-06-05 15:08:05.025763,47.02202384,8.29420007,27,80
2026-06-05 15:08:10.025763,47.02192732,8.29423675,27,80
2026-06-05 15:08:15.025763,47.02183865,8.29428001,27,80
2026-06-05 15:08:20.025763,47.02174795,8.29431715,27,80
2026-06-05 15:08:25.025763,47.02164864,8.29435426,27,80
2026-06-05 15:08:30.025763,47.02155591,8.29438412,27,80
2026-06-05 15:08:35.025763,47.02146984,8.29442402,27,80
2026-06-05 15:08:40.025763,47.0213814,8.29445816,27,80
2026-06-05 15:08:45.025763,47.02128628,8.29449424,27,80
2026-06-05 15:08:50.025763,47.02119785,8.2945376,27,80
2026-06-05 15:08:55.025763,47.0211041,8.29458302,27,80
2026-06-05 15:09:00.025763,47.02101613,8.29462115,27,80
2026-06-05 15:09:05.025763,47.02092782,8.29466743,27,80
2026-06-05 15:09:10.025763,47.02083385,8.29471991,27,80
2026-06-05 15:09:15.025763,47.02074055,8.29477464,27,80
2026-06-05 15:09:20.025763,47.0206533,8.29482648,27,80
2026-06-05 15:09:25.025763,47.02056302,8.29486776,27,80
2026-06-05 15:09:30.025763,47.02047849,8.29493612,27,80
2026-06-05 15:09:35.025763,47.02039771,8.29500775,27,80
2026-06-05 15:09:40.025763,47.02031005,8.29505666,27,80
2026-06-05 15:09:45.025763,47.0202333,8.29514391,27,80
2026-06-05 15:09:50.025763,47.02016355,8.29523318,27,80
2026-06-05 15:09:55.025763,47.02013987,8.29536291,27,80
2026-06-05 15:10:00.025763,47.02011708,8.29550895,27,80
2026-06-05 15:10:05.025763,47.02009038,8.29563479,27,80
2026-06-05 15:10:10.025763,47.0200435,8.29576938,27,80
2026-06-05 15:10:15.025763,47.01998609,8.29588449,27,80
2026-06-05 15:10:20.025763,47.01992972,8.29599376,27,80
2026-06-05 15:10:25.025763,47.01986949,8.29611134,27,80
2026-06-05 15:10:30.025763,47.01980946,8.29621107,27,80
2026-06-05 15:10:35.025763,47.01975597,8.29632404,27,80
2026-06-05 15:10:40.025763,47.01966867,8.29638707,27,80
2026-06-05 15:10:45.025763,47.01957961,8.29646892,27,80
2026-06-05 15:10:50.025763,47.01952057,8.29658363,27,80
2026-06-05 15:10:55.025763,47.01949,8.29672603,27,80
2026-06-05 15:11:00.025763,47.01944373,8.29685837,27,80
2026-06-05 15:11:05.025763,47.01940388,8.29697985,27,80
2026-06-05 15:11:10.025763,47.01936019,8.29710804,27,80
2026-06-05 15:11:15.025763,47.0193195,8.29723166,27,80
2026-06-05 15:11:20.025763,47.01927045,8.29736578,27,80
2026-06-05 15:11:25.025763,47.01923466,8.2975002,27,80
2026-06-05 15:11:30.025763,47.01919012,8.2976318,27,80
2026-06-05 15:11:35.025763,47.01913887,8.2977542,27,80
2026-06-05 15:11:40.025763,47.01905853,8.29783503,27,80
2026-06-05 15:11:45.025763,47.01897945,8.29790244,27,80
2026-06-05 15:11:50.025763,47.01898292,8.29805745,27,80
2026-06-05 15:11:55.025763,47.01901185,8.2981946,27,80
2026-06-05 15:12:00.025763,47.01901338,8.29834139,27,80
2026-06-05 15:12:05.025763,47.01895062,8.29843908,27,80
2026-06-05 15:12:10.025763,47.01887607,8.29853447,27,80
2026-06-05 15:12:15.025763,47.01878773,8.29861002,27,80
2026-06-05 15:12:20.025763,47.01873681,8.29872998,27,80
2026-06-05 15:12:25.025763,47.01865996,8.29881789,27,80
2026-06-05 15:12:30.025763,47.01860607,8.29893049,27,80
2026-06-05 15:12:35.025763,47.01853261,8.29902995,27,80
2026-06-05 15:12:40.025763,47.01847463,8.2991334,27,80
2026-06-05 15:12:45.025763,47.0184448,8.29926875,27,80
2026-06-05 15:12:50.025763,47.01842118,8.29941644,27,80
2026-06-05 15:12:55.025763,47.01839623,8.29954747,27,80
2026-06-05 15:13:00.025763,47.0183957,8.29969565,27,80
2026-06-05 15:13:05.025763,47.01838425,8.29982614,27,80
2026-06-05 15:13:10.025763,47.01837795,8.29995935,27,80
2026-06-05 15:13:15.025763,47.0183799,8.30010609,27,80
2026-06-05 15:13:20.025763,47.01836647,8.30024013,27,80
2026-06-05 15:13:25.025763,47.01833814,8.30036664,27,80
2026-06-05 15:13:30.025763,47.01829449,8.30048671,27,80
2026-06-05 15:13:35.025763,47.01827521,8.30063268,27,80
2026-06-05 15:13:40.025763,47.01826781,8.30076803,27,80
2026-06-05 15:13:45.025763,47.0182789,8.30090062,27,80
2026-06-05 15:13:50.025763,47.01827382,8.30103828,27,80
2026-06-05 15:13:55.025763,47.01826142,8.3011748,27,80
2026-06-05 15:14:00.025763,47.01825403,8.30131746,27,80
2026-06-05 15:14:05.025763,47.01825934,8.3014562,27,80
2026-06-05 15:14:10.025763,47.0182716,8.30159425,27,80
2026-06-05 15:14:15.025763,47.0182575,8.30173277,27,80
2026-06-05 15:14:20.025763,47.01828682,8.30187444,27,80
2026-06-05 15:14:25.025763,47.01831711,8.30200694,27,80
2026-06-05 15:14:30.025763,47.01835409,8.30213292,27,80
2026-06-05 15:14:35.025763,47.01839452,8.30226502,27,80
2026-06-05 15:14:40.025763,47.01842615,8.30241625,27,80
2026-06-05 15:14:45.025763,47.01843107,8.30256077,27,80
2026-06-05 15:14:50.025763,47.01844627,8.30269593,27,80
2026-06-05 15:14:55.025763,47.01842727,8.30283027,27,80
2026-06-05 15:15:00.025763,47.01832363,8.30285486,27,80
2026-06-05 15:15:05.025763,47.01822912,8.30291628,27,80
2026-06-05 15:15:10.025763,47.01817158,8.30301946,27,80
2026-06-05 15:15:15.025763,47.018106,8.30313057,27,80
2026-06-05 15:15:20.025763,47.01808702,8.30326209,27,80
2026-06-05 15:15:25.025763,47.0179895,8.30328707,27,80
2026-06-05 15:15:30.025763,47.01792549,8.30338116,27,80
2026-06-05 15:15:35.025763,47.01790151,8.30352465,27,80
2026-06-05 15:15:40.025763,47.01790963,8.30367374,27,80
2026-06-05 15:15:45.025763,47.01792529,8.30381656,27,80
2026-06-05 15:15:50.025763,47.01791487,8.30395763,27,80
2026-06-05 15:15:55.025763,47.01793278,8.30408809,27,80
2026-06-05 15:16:00.025763,47.01795818,8.30422692,27,80
2026-06-05 15:16:05.025763,47.01797063,8.30436203,27,80
2026-06-05 15:16:10.025763,47.01796008,8.30451327,27,80
2026-06-05 15:16:15.025763,47.01795444,8.30466377,27,80
2026-06-05 15:16:20.025763,47.0179434,8.30479617,27,80
2026-06-05 15:16:25.025763,47.01794515,8.30493559,27,80
2026-06-05 15:16:30.025763,47.01793201,8.30506645,27,80
2026-06-05 15:16:35.025763,47.01791775,8.3052036,27,80
2026-06-05 15:16:40.025763,47.01790702,8.30533602,27,80
2026-06-05 15:16:45.025763,47.01788328,8.3054813,27,80
2026-06-05 15:16:50.025763,47.01786886,8.30561854,27,80
2026-06-05 15:16:55.025763,47.01785964,8.3057524,27,80
2026-06-05 15:17:00.025763,47.01785707,8.30590569,27,80
2026-06-05 15:17:05.025763,47.01782104,8.30603743,27,80
2026-06-05 15:17:10.025763,47.0177285,8.30607476,27,80
2026-06-05 15:17:15.025763,47.01763598,8.3061015,27,80
2026-06-05 15:17:20.025763,47.01753987,8.30613185,27,80
2026-06-05 15:17:25.025763,47.01745961,8.3062059,27,80
2026-06-05 15:17:30.025763,47.01738104,8.30628878,27,80
2026-06-05 15:17:35.025763,47.01733872,8.30641384,27,80
2026-06-05 15:17:40.025763,47.0173638,8.30655478,27,80
2026-06-05 15:17:45.025763,47.01723334,8.30692542,27,80
2026-06-05 15:17:50.025763,47.01731145,8.30700058,27,80
2026-06-05 15:17:55.025763,47.0173612,8.30711711,27,80
2026-06-05 15:18:00.025763,47.01746187,8.30710313,27,80
2026-06-05 15:18:05.025763,47.01756605,8.30708326,27,80
2026-06-05 15:18:10.025763,47.01766451,8.307059,27,80
2026-06-05 15:18:15.025763,47.01756422,8.30703927,27,80
2026-06-05 15:18:20.025763,47.01746578,8.30708037,27,80
2026-06-05 15:18:25.025763,47.01736734,8.3070696,27,80
2026-06-05 15:18:30.025763,47.017358,8.30707206,27,80
2026-06-05 15:18:35.025763,47.01726416,8.30711287,27,80
2026-06-05 15:18:40.025763,47.01717094,8.30713347,27,80
2026-06-05 15:18:45.025763,47.01707696,8.30716247,27,80
2026-06-05 15:18:50.025763,47.01697759,8.3071943,27,80
2026-06-05 15:18:55.025763,47.01688967,8.30724188,27,80
2026-06-05 15:19:00.025763,47.0167999,8.30727563,27,80
2026-06-05 15:19:05.025763,47.01670474,8.30729966,27,80
2026-06-05 15:19:10.025763,47.0166096,8.30733224,27,80
2026-06-05 15:19:15.025763,47.0165071,8.30735493,27,80
2026-06-05 15:19:20.025763,47.01643932,8.3074818,27,80
2026-06-05 15:19:25.025763,47.01640935,8.30761156,27,80
2026-06-05 15:19:30.025763,47.01635809,8.30774057,27,80
2026-06-05 15:19:35.025763,47.01632408,8.30788214,27.5,75
2026-06-05 15:19:40.025763,47.0162925,8.30800893,27.5,75
2026-06-05 15:19:45.025763,47.01625623,8.30813465,27.5,75
2026-06-05 15:19:50.025763,47.01622002,8.30826662,27.5,75
2026-06-05 15:19:55.025763,47.01616154,8.3083783,27.5,75
2026-06-05 15:20:00.025763,47.01614466,8.30851647,27.5,75
2026-06-05 15:20:05.025763,47.01610155,8.30865793,27.5,75
2026-06-05 15:20:10.025763,47.01608339,8.30878934,27.5,75
2026-06-05 15:20:15.025763,47.01604387,8.3089171,27.5,75
2026-06-05 15:20:20.025763,47.01599287,8.30902993,27.5,75
2026-06-05 15:20:25.025763,47.01593426,8.30915246,27.5,75
2026-06-05 15:20:30.025763,47.01583474,8.30919965,27.5,75
2026-06-05 15:20:35.025763,47.01574463,8.3092563,27.5,75
2026-06-05 15:20:40.025763,47.01565819,8.30930252,27.5,75
2026-06-05 15:20:45.025763,47.01557984,8.30937365,27.5,75
2026-06-05 15:20:50.025763,47.01548434,8.30942459,27.5,75
2026-06-05 15:20:55.025763,47.01538733,8.30946986,27.5,75
2026-06-05 15:21:00.025763,47.01529895,8.30951686,27.5,75
2026-06-05 15:21:05.025763,47.01525836,8.30963683,27.5,75
2026-06-05 15:21:10.025763,47.01516054,8.30965085,27.5,75
2026-06-05 15:21:15.025763,47.01507553,8.3097288,27.5,75
2026-06-05 15:21:20.025763,47.01508997,8.30986381,27.5,75
2026-06-05 15:21:25.025763,47.01511695,8.30999571,27.5,75
2026-06-05 15:21:30.025763,47.0151175,8.31013423,27.5,75
2026-06-05 15:21:35.025763,47.01509524,8.31027054,27.5,75
2026-06-05 15:21:40.025763,47.01508143,8.31042566,27.5,75
2026-06-05 15:21:45.025763,47.01507787,8.3105817,27.5,75
2026-06-05 15:21:50.025763,47.01506634,8.31071574,27.5,75
2026-06-05 15:21:55.025763,47.0150769,8.31085112,27.5,75
2026-06-05 15:22:00.025763,47.01508397,8.31099424,27.5,75
2026-06-05 15:22:05.025763,47.01499925,8.31107494,27.5,75
2026-06-05 15:22:10.025763,47.0149041,8.31111527,27.5,75
2026-06-05 15:22:15.025763,47.01481565,8.31114898,27.5,75
2026-06-05 15:22:20.025763,47.01471943,8.31119224,27.5,75
2026-06-05 15:22:25.025763,47.01461735,8.31120193,27.5,75
2026-06-05 15:22:30.025763,47.01451667,8.31120223,27.5,75
2026-06-05 15:22:35.025763,47.01441293,8.3112033,27.5,75
2026-06-05 15:22:40.025763,47.01431517,8.31122186,27.5,75
2026-06-05 15:22:45.025763,47.01424007,8.31132343,27.5,75
2026-06-05 15:22:50.025763,47.01414731,8.31137082,27.5,75
2026-06-05 15:22:55.025763,47.01404798,8.31138203,27.5,75
2026-06-05 15:23:00.025763,47.01396889,8.31145372,27.5,75
2026-06-05 15:23:05.025763,47.01388254,8.31150632,27.5,75
2026-06-05 15:23:10.025763,47.01379205,8.31157113,27.5,75
2026-06-05 15:23:15.025763,47.0137117,8.3116346,27.5,75
2026-06-05 15:23:20.025763,47.01366181,8.31176139,27.5,75
2026-06-05 15:23:25.025763,47.01363287,8.3118901,27.5,75
2026-06-05 15:23:30.025763,47.01363258,8.31203293,27.5,75
2026-06-05 15:23:35.025763,47.01362325,8.31216826,27.5,75
2026-06-05 15:23:40.025763,47.01363346,8.31232314,27.5,75
2026-06-05 15:23:45.025763,47.01361213,8.31246681,27.5,75
2026-06-05 15:23:50.025763,47.01361043,8.3126154,27.5,75
2026-06-05 15:23:55.025763,47.01364479,8.31274245,27.5,75
2026-06-05 15:24:00.025763,47.0136547,8.31287343,27.5,75
2026-06-05 15:24:05.025763,47.01365373,8.31301611,27.5,75
2026-06-05 15:24:10.025763,47.01367424,8.31314979,27.5,75
2026-06-05 15:24:15.025763,47.01366993,8.31328267,27.5,75
2026-06-05 15:24:20.025763,47.01370364,8.31341651,27.5,75
2026-06-05 15:24:25.025763,47.01370746,8.31355765,27.5,75
2026-06-05 15:24:30.025763,47.01369916,8.31369182,27.5,75
2026-06-05 15:24:35.025763,47.01371931,8.31382639,27.5,75
2026-06-05 15:24:40.025763,47.01367132,8.31393863,27.5,75
2026-06-05 15:24:45.025763,47.0136069,8.31403323,27.5,75
2026-06-05 15:24:50.025763,47.01355817,8.31416383,27.5,75
2026-06-05 15:24:55.025763,47.01352153,8.31429194,27.5,75
2026-06-05 15:25:00.025763,47.01347893,8.31442626,27.5,75
2026-06-05 15:25:05.025763,47.01344775,8.3145653,27.5,75
2026-06-05 15:25:10.025763,47.01341116,8.31469912,27.5,75
2026-06-05 15:25:15.025763,47.01335665,8.31482625,27.5,75
2026-06-05 15:25:20.025763,47.01331952,8.31495407,27.5,75
2026-06-05 15:25:25.025763,47.01336999,8.31508802,27.5,75
2026-06-05 15:25:30.025763,47.01341826,8.31521675,27.5,75
2026-06-05 15:25:35.025763,47.01345449,8.31534069,27.5,75
2026-06-05 15:25:40.025763,47.01343621,8.31548587,27.5,75
2026-06-05 15:25:45.025763,47.01338668,8.31559676,27.5,75
2026-06-05 15:25:50.025763,47.01331683,8.31568728,27.5,75
2026-06-05 15:25:55.025763,47.01326252,8.31579636,27.5,75
2026-06-05 15:26:00.025763,47.01319883,8.31589261,27.5,75
2026-06-05 15:26:05.025763,47.01326634,8.31598926,27.5,75
2026-06-05 15:26:10.025763,47.01335669,8.31598283,27.5,75
2026-06-05 15:26:15.025763,47.01343523,8.31589825,27.5,75
2026-06-05 15:26:20.025763,47.0135087,8.31582024,27.5,75
2026-06-05 15:26:25.025763,47.01358263,8.31573854,27.5,75
2026-06-05 15:26:30.025763,47.01365325,8.31563722,27.5,75
2026-06-05 15:26:35.025763,47.01372437,8.31555668,27.5,75
2026-06-05 15:26:40.025763,47.01377137,8.31544124,27.5,75
2026-06-05 15:26:45.025763,47.01379108,8.31530319,27.5,75
2026-06-05 15:26:50.025763,47.01381352,8.3151654,27.5,75
2026-06-05 15:26:55.025763,47.01387936,8.31507284,27.5,75
2026-06-05 15:27:00.025763,47.01395544,8.31514984,27.5,75
2026-06-05 15:27:05.025763,47.01394305,8.31528733,27.5,75
2026-06-05 15:27:10.025763,47.01392937,8.31542826,27.5,75
2026-06-05 15:27:15.025763,47.01393549,8.31556461,27.5,75
2026-06-05 15:27:20.025763,47.01394561,8.31570437,27.5,75
2026-06-05 15:27:25.025763,47.01398954,8.31583108,27.5,75
2026-06-05 15:27:30.025763,47.01402956,8.31596003,27.5,75
2026-06-05 15:27:35.025763,47.01407641,8.31607965,27.5,75
